,location,latlon,adcode
0,天宁区茶山丽华三村南开小区,"119.973317,31.744436",320402
1,天宁区茶山龙运天城,"119.982419,31.759770",320402
2,天宁区茶山元丰桥小区,"119.966551,31.772289",320402
3,天宁区茶山华润凯旋门二期,"119.961822,31.748462",320402
4,天宁区茶山华润国际社区剑桥澜湾,"119.964529,31.744603",320402
5,天宁区茶山天鹅湖花园,"119.981257,31.746746",320402
6,天宁区茶山银河湾明苑二期,"119.967875,31.763120",320402
7,天宁区茶山新城金郡,"119.964882,31.763295",320402
8,天宁区茶山华润凯旋门,"119.961822,31.748462",320402
9,天宁区茶山弘阳天下锦,"119.984492,31.760429",320402
10,天宁区茶山朝阳二村,"119.979164,31.760915",320402
11,天宁区茶山华润·中央公园,"119.958064,31.745015",320402
12,天宁区茶山同济花园,"119.970303,31.765768",320402
13,天宁区茶山桃园新村,"119.969256,31.768341",320402
14,天宁区茶山元丰苑,"119.967933,31.771128",320402
15,天宁区茶山朝阳四村北区,"119.975736,31.757838",320402
16,天宁区茶山丽华新村,"119.971797,31.751083",320402
17,天宁区茶山东城明居,"119.985945,31.757998",320402
18,天宁区茶山天翼·御品苑,"119.968327,31.755540",320402
19,天宁区茶山杨家花园,"119.971051,31.741363",320402
20,天宁区茶山华润国际社区中吴府,"119.933350,31.751422",320402
21,天宁区茶山麻巷公寓,"119.966944,31.773232",320402
22,天宁区茶山御翠园,"119.977566,31.770819",320402
23,天宁区茶山王家村,"119.970054,31.757267",320402
24,天宁区茶山新城光明璞樾门第,"119.986775,31.755052",320402
25,天宁区茶山国泰新都,"119.963106,31.768696",320402
26,天宁区茶山天顺御和苑,"119.977572,31.768627",320402
27,天宁区茶山清二社区,"119.933350,31.751422",320402
28,天宁区茶山兢业园,"119.933350,31.751422",320402
29,天宁区茶山诺诚高第,"119.977104,31.749968",320402
30,天宁区茶山府河名居,"119.968141,31.765753",320402
31,天宁区茶山丽华二村,"119.974234,31.746885",320402
32,天宁区茶山光华世家,"119.971483,31.758926",320402
33,天宁区茶山五角场东村西区,"119.982979,31.767734",320402
34,天宁区茶山华宇常宁府,"119.969930,31.753527",320402
35,天宁区茶山和平国际花苑,"119.962711,31.751671",320402
36,天宁区茶山五角场西村,"119.981701,31.768017",320402
37,天宁区茶山桃园路物资楼,"119.970866,31.768285",320402
38,天宁区茶山翠堤半岛花园,"119.980517,31.737608",320402
39,天宁区茶山蔷薇家园,"119.980357,31.750405",320402
40,天宁区茶山清凉新村,"119.966227,31.758951",320402
41,天宁区茶山丽华一村,"119.978217,31.763440",320402
42,天宁区茶山中吴雅苑,"119.964568,31.748541",320402
43,天宁区茶山香梅花园,"119.980855,31.769610",320402
44,天宁区茶山华润国际二期华润湾公园,"119.966600,31.744623",320402
45,天宁区茶山新城逸境园,"119.967034,31.754092",320402
46,天宁区茶山桃林雅景园,"119.969314,31.771003",320402
47,天宁区茶山东方花园(天宁区),"119.960249,31.754397",320402
48,天宁区茶山朝阳三村,"119.974478,31.761245",320402
49,天宁区茶山光华路,"119.972344,31.757383",320402
50,天宁区茶山新乐花园,"119.965434,31.747078",320402
51,天宁区茶山景泰家园,"119.967572,31.756327",320402
52,天宁区茶山元丰宜家,"119.966676,31.771282",320402
53,天宁区茶山华景园,"119.963289,31.754001",320402
54,天宁区茶山桃园公寓,"119.970370,31.770024",320402
55,天宁区茶山丽华三村,"119.974074,31.743878",320402
56,天宁区茶山桃园史家村,"119.985765,31.797250",320402
57,天宁区茶山安信颐和,"119.933350,31.751422",320402
58,天宁区茶山清凉新村东区,"119.963159,31.759125",320402
59,天宁区茶山富强新村,"119.968530,31.747899",320402
60,天宁区茶山人民新家园,"119.933350,31.751422",320402
61,天宁区茶山光华路210号,"119.961800,31.758995",320402
62,天宁区茶山御龙苑,"119.971546,31.772139",320402
63,天宁区茶山刘国钧职教中心宿舍,"119.970013,31.752759",320402
64,天宁区茶山东坡雅居,"119.980677,31.767087",320402
65,天宁区茶山悦丰苑,"119.981063,31.741269",320402
66,天宁区茶山桃园路,"119.967674,31.767372",320402
67,天宁区茶山王家新村,"119.970111,31.756368",320402
68,天宁区茶山元丰巷,"119.969311,31.771717",320402
69,天宁区茶山朝阳四村南区,"119.976138,31.755568",320402
70,天宁区茶山瑞景华庭,"119.933350,31.751422",320402
71,天宁区茶山清凉新村158-3-8,"119.965602,31.753778",320402
72,天宁区茶山朝阳一村,"119.978887,31.763928",320402
73,天宁区茶山金钻公寓,"119.959242,31.756571",320402
74,天宁区茶山和平国际商业街,"119.959617,31.751593",320402
75,天宁区茶山和平美景,"119.965185,31.755272",320402
76,天宁区茶山茶溪雅园,"119.987668,31.756690",320402
77,天宁区茶山新城荣盛天翌,"119.971072,31.763186",320402
78,天宁区茶山华润·幸福里,"119.933350,31.751422",320402
79,天宁区茶山鸿泰公寓,"119.982156,31.767244",320402
80,天宁区茶山清凉茗园,"119.964327,31.752663",320402
81,天宁区茶山清凉东村,"119.973311,31.754582",320402
82,天宁区茶山富强周家村,"119.966437,31.749171",320402
83,天宁区茶山桃园路住宅,"119.967674,31.767372",320402
84,天宁区茶山东仓桥路,"119.933350,31.751422",320402
85,天宁区茶山马家村郊政宿舍,"119.961972,31.762693",320402
86,天宁区茶山前洑村,"119.971693,31.756251",320402
87,天宁区茶山椿桂坊教工公寓,"119.964958,31.772081",320402
88,天宁区茶山能源宿舍,"119.967659,31.752088",320402
89,天宁区茶山华丽雅居,"119.975922,31.748653",320402
90,天宁区茶山弘阳1936,"119.985063,31.762420",320402
91,天宁区茶山勤丰花园,"119.980098,31.739480",320402
92,天宁区茶山张家村,"119.956627,31.754607",320402
93,溧阳市溧阳风景英伦,"119.484164,31.416967",320481
94,溧阳市溧阳西城花园Ⅱ区,"119.466504,31.426872",320481
95,溧阳市溧阳燕山国际花园,"119.480200,31.418477",320481
96,溧阳市溧阳荷花新村,"119.492742,31.431030",320481
97,溧阳市溧阳美景天城,"119.460064,31.373282",320481
98,溧阳市溧阳幸福城,"119.449289,31.440483",320481
99,溧阳市溧阳燕山新村三区,"119.481557,31.419146",320481
100,溧阳市溧阳环球融创·曹山未来城,"119.502815,31.398995",320481
101,溧阳市溧阳景鸿花园,"119.465654,31.415991",320481
102,溧阳市溧阳中央花园(溧阳市),"119.464104,31.377477",320481
103,溧阳市溧阳北水西花園,"119.464762,31.413107",320481
104,溧阳市溧阳岗头新村,"119.460337,31.370316",320481
105,溧阳市溧阳凤仪湾,"119.486391,31.436213",320481
106,溧阳市溧阳光明英伦尊邸,"119.465105,31.445381",320481
107,溧阳市溧阳文化新村一区,"119.491607,31.417971",320481
108,溧阳市溧阳时代天悦,"119.502808,31.389942",320481
109,溧阳市溧阳金顶名都,"119.480496,31.427600",320481
110,溧阳市溧阳福阳山庄,"119.484167,31.399033",320481
111,溧阳市溧阳华府天第,"119.484164,31.416967",320481
112,溧阳市溧阳庄家小区,"119.493598,31.417245",320481
113,溧阳市溧阳御湖城,"119.475575,31.372763",320481
114,钟楼区五星翡翠湾,"119.929645,31.781880",320404
115,钟楼区五星龙湖龙誉城紫宸,"119.916328,31.789484",320404
116,钟楼区五星城置御水华庭,"119.922339,31.794177",320404
117,钟楼区五星龙湖花千树,"119.912848,31.794097",320404
118,钟楼区五星勤德家园,"119.935129,31.780763",320404
119,钟楼区五星新城香悦半岛北区,"119.910479,31.794242",320404
120,钟楼区五星勤业四村南区,"119.929296,31.784772",320404
121,钟楼区五星高成莱茵花苑北区,"119.927611,31.793003",320404
122,钟楼区五星勤业一二三村,"119.934367,31.784419",320404
123,钟楼区五星西新桥二村,"119.951012,31.796751",320404
124,钟楼区五星新城首府国际公寓,"119.954658,31.796229",320404
125,钟楼区五星怡美花园,"119.902969,31.776700",320404
126,钟楼区五星凯纳商务广场,"119.951640,31.792548",320404
127,钟楼区五星五星星韵城南区,"119.914842,31.797010",320404
128,钟楼区五星机械二村,"119.942114,31.796223",320404
129,钟楼区五星龙湖龙誉城尚品,"119.917570,31.795250",320404
130,钟楼区五星五星星韵城北区,"119.916772,31.798356",320404
131,钟楼区五星蓝天新苑,"119.918872,31.795224",320404
132,钟楼区五星晋陵文禧,"119.937587,31.799671",320404
133,钟楼区五星勤业四村,"119.929906,31.785293",320404
134,钟楼区五星新城首府一期,"119.954736,31.795840",320404
135,钟楼区五星锦江丽都花园南区,"119.947849,31.799801",320404
136,钟楼区五星勤业六村,"119.925772,31.786456",320404
137,钟楼区五星花园新村,"119.902081,31.802608",320404
138,钟楼区五星金禧园南区,"119.949846,31.794795",320404
139,钟楼区五星华府家园,"119.925155,31.783118",320404
140,钟楼区五星星悦花都,"119.917951,31.790665",320404
141,钟楼区五星北新巷小区,"119.947566,31.791952",320404
142,钟楼区五星南祥村,"119.923295,31.777761",320404
143,钟楼区五星星鑫家园西区,"119.920477,31.804358",320404
144,钟楼区五星万福花园,"119.958596,31.797502",320404
145,钟楼区五星尚郡公寓,"119.950055,31.792882",320404
146,钟楼区五星花园西村东区,"119.909956,31.776573",320404
147,钟楼区五星金地花苑,"119.923892,31.789791",320404
148,钟楼区五星深业华府,"119.956179,31.798278",320404
149,钟楼区五星高成莱茵花苑,"119.926783,31.789312",320404
150,钟楼区五星蓝天花园西区,"119.917669,31.781632",320404
151,钟楼区五星龙湖龙誉城别墅区,"119.913307,31.789979",320404
152,钟楼区五星机械一村社区,"119.936335,31.794392",320404
153,钟楼区五星新城香悦半岛南区,"119.910222,31.791749",320404
154,钟楼区五星花园西郡,"119.902081,31.802608",320404
155,钟楼区五星星鑫家园东区,"119.922715,31.803894",320404
156,钟楼区五星芦墅广景苑,"119.938302,31.768755",320404
157,钟楼区五星银河湾,"119.931899,31.778474",320404
158,钟楼区五星西新桥三村,"119.945777,31.798210",320404
159,钟楼区五星都市桃源二期,"119.923340,31.784345",320404
160,钟楼区五星城置御水华庭二期,"119.924701,31.790858",320404
161,钟楼区五星西新桥三村251-259,"119.944584,31.800410",320404
162,钟楼区五星港龙尚层,"119.953322,31.793616",320404
163,钟楼区五星铂晶公寓,"119.910748,31.781006",320404
164,钟楼区五星勤业五村,"119.925861,31.785236",320404
165,钟楼区五星机械新村东区,"119.941932,31.795797",320404
166,钟楼区五星新城首府二期,"119.954369,31.797523",320404
167,钟楼区五星金禧园北区,"119.951657,31.795134",320404
168,钟楼区五星白云新村,"119.909575,31.784417",320404
169,钟楼区五星都市桃源一期,"119.923974,31.786986",320404
170,钟楼区五星星都景苑,"119.924718,31.778341",320404
171,钟楼区五星蓝天花园东区,"119.920726,31.781342",320404
172,钟楼区五星平岗星苑,"119.918328,31.787106",320404
173,钟楼区五星白云东苑西区,"119.913016,31.783567",320404
174,钟楼区五星花园西村西区,"119.909956,31.776573",320404
175,钟楼区五星花园华丰苑,"119.911675,31.779589",320404
176,钟楼区五星都市桃源三期,"119.920502,31.785681",320404
177,钟楼区五星勤业公寓,"119.936584,31.784194",320404
178,钟楼区五星花之园,"119.924625,31.781078",320404
179,钟楼区五星星盛家园,"119.911677,31.780855",320404
180,钟楼区五星白庄村,"119.927367,31.783439",320404
181,钟楼区五星锦江丽都花园北区,"119.948812,31.800782",320404
182,钟楼区五星都市桃源五期,"119.916519,31.785525",320404
183,钟楼区五星怡和花园东区,"119.909251,31.777984",320404
184,钟楼区五星通江南路6号,"119.951845,31.792837",320404
185,钟楼区五星三堡街西楼,"119.934029,31.791160",320404
186,钟楼区五星三堡街165号,"119.936430,31.789720",320404
187,钟楼区五星航仪宿舍,"119.920207,31.791525",320404
188,钟楼区五星关河西路180号恒远大厦,"119.950363,31.791386",320404
189,钟楼区五星枫丹花园二期,"119.934986,31.789336",320404
190,钟楼区五星星宇丽晶,"119.915237,31.775647",320404
191,钟楼区五星春天花园,"119.947953,31.797422",320404
192,钟楼区五星芦墅星苑,"119.944179,31.798098",320404
193,钟楼区五星陈家村,"119.908228,31.777554",320404
194,钟楼区五星新城香悦半岛东区,"119.910273,31.792425",320404
195,钟楼区五星枫丹花园一期,"119.934986,31.789336",320404
196,钟楼区五星朱家村北小区,"119.931734,31.783206",320404
197,钟楼区五星钱家村小区,"119.929408,31.788059",320404
198,钟楼区五星三堡街南楼,"119.933005,31.789788",320404
199,钟楼区五星金润家园,"119.948581,31.801366",320404
200,钟楼区五星三堡街163-1号,"119.935555,31.789425",320404
201,钟楼区五星白云东苑月华,"119.912295,31.783621",320404
202,钟楼区五星怡和花园,"119.908557,31.777784",320404
203,钟楼区五星都市桃源别墅区,"119.920242,31.784336",320404
204,钟楼区五星蓝光黑钻,"119.920207,31.791525",320404
205,钟楼区五星玫瑰苑,"119.928533,31.782836",320404
206,钟楼区五星大村,"119.943975,31.795183",320404
207,钟楼区西林路劲城市花园,"119.891620,31.767942",320404
208,钟楼区西林泰盈八千里,"119.889623,31.770114",320404
209,钟楼区西林景荟凤凰公寓,"119.885120,31.767777",320404
210,钟楼区西林中天美墅,"119.885120,31.767777",320404
211,钟楼区西林中天凤凰汽配用品城,"119.885768,31.770616",320404
212,钟楼区西林华林家园二期,"119.888397,31.768616",320404
213,钟楼区西林西林家园,"119.885706,31.756966",320404
214,钟楼区新闸绿地世纪城B区,"119.922545,31.820597",320404
215,钟楼区新闸绿地世纪城A区,"119.925191,31.823613",320404
216,钟楼区新闸光明当代拾光里,,
217,钟楼区新闸光明光樾华庭,"119.901500,31.814883",320404
218,钟楼区新闸光明荷樾府,"119.901500,31.814883",320404
219,钟楼区新闸绿地世纪城c区,"119.921939,31.822562",320404
220,钟楼区新闸冶金新村,"119.902973,31.842334",320404
221,钟楼区新闸新瑞金苑,"119.911725,31.813622",320404
222,钟楼区新闸新闸花苑西区,"119.904401,31.828683",320404
223,钟楼区永红城市中央美居,"119.931144,31.766475",320404
224,钟楼区永红路劲雅居乐国仕九礼,"119.931144,31.766475",320404
225,钟楼区永红方圆云山诗意,"119.908405,31.771133",320404
226,钟楼区永红桂花园,"119.911195,31.765057",320404
227,钟楼区永红绿园,"119.914707,31.756239",320404
228,钟楼区永红万科四季都会,"119.931144,31.766475",320404
229,钟楼区永红上书房,"119.922462,31.769894",320404
230,钟楼区永红路劲城市印象,"119.899230,31.766640",320404
231,钟楼区永红路劲雅居乐城市万象,"119.898667,31.763400",320404
232,钟楼区永红万科国宾道,"119.895362,31.755482",320404
233,钟楼区永红河阳花苑,"119.928154,31.776205",320404
234,钟楼区永红陈渡新苑,"119.913433,31.766172",320404
235,钟楼区永红中梁金科启宸,"119.931144,31.766475",320404
236,钟楼区永红清潭新村,"119.932288,31.766870",320404
237,钟楼区永红清潭五村续建小区,"119.936121,31.760608",320404
238,钟楼区永红紫荆苑(钟楼区),"119.918840,31.760938",320404
239,钟楼区永红荡下村,"119.933578,31.763819",320404
240,钟楼区永红花园南村西区,"119.918663,31.772151",320404
241,钟楼区永红香江庭院,"119.922828,31.775229",320404
242,钟楼区永红西城格兰艺堡,"119.917113,31.771708",320404
243,钟楼区永红嘉宏云顶,"119.910331,31.771384",320404
244,钟楼区永红秋水云庐,"119.926766,31.775357",320404
245,钟楼区永红花园南村东区,"119.919791,31.774315",320404
246,钟楼区永红新华苑,"119.923654,31.769557",320404
247,钟楼区永红朗诗国际街区,"119.926334,31.773765",320404
248,钟楼区永红蓝色星空,"119.940998,31.765362",320404
249,钟楼区永红清潭清园南区,"119.941412,31.769642",320404
250,钟楼区永红锦阳花苑,"119.924428,31.757938",320404
251,天宁区永红世纪华城,"119.925921,31.755511",320402
252,钟楼区永红荣亨逸都,"119.923667,31.760869",320404
253,天宁区永红水岸人家花园,"119.942447,31.764030",320402
254,钟楼区永红清潭五村,"119.933983,31.761295",320404
255,天宁区永红工人新村(天宁区),"119.941774,31.762711",320402
256,钟楼区永红金谷花园,"119.921600,31.774967",320404
257,钟楼区永红颐和家园,"119.922243,31.764455",320404
258,钟楼区永红百大康桥,"119.924518,31.776375",320404
259,钟楼区永红西环路小区,"119.926274,31.769918",320404
260,钟楼区永红丽丰园,"119.923016,31.776004",320404
261,钟楼区永红清潭清园,"119.941412,31.769642",320404
262,钟楼区永红荆川里,"119.927067,31.762786",320404
263,钟楼区永红青建鼎都,"119.926101,31.759985",320404
264,钟楼区永红荆川里续建小区,"119.926288,31.758294",320404
265,钟楼区永红西城格兰艺堡二期爱情湾,"119.917113,31.771708",320404
266,钟楼区永红玉兰苑,"119.930286,31.758587",320404
267,钟楼区永红清潭三村,"119.931647,31.764721",320404
268,钟楼区永红广成路小区新区,"119.937572,31.763997",320404
269,钟楼区永红紫荆东苑,"119.920211,31.761082",320404
270,钟楼区永红荆川里小区,"119.926422,31.763934",320404
271,钟楼区永红清潭西村,"119.909956,31.776573",320404
272,钟楼区永红清潭鑫苑,"119.920040,31.764068",320404
273,钟楼区永红蒋家村93号,"119.892320,31.765970",320404
274,钟楼区永红清潭花苑,"119.928244,31.763126",320404
275,钟楼区永红清潭南苑,"119.930964,31.758364",320404
276,钟楼区永红尚德花园,"119.931144,31.766475",320404
277,钟楼区永红广成路小区,"119.937572,31.763997",320404
278,钟楼区永红刘家村19号,"119.910520,31.786260",320404
279,钟楼区永红上书房四期,"119.921084,31.768592",320404
280,钟楼区永红清潭嘉苑,"119.927946,31.765051",320404
281,钟楼区永红西环路6号,"119.860035,31.780285",320404
282,钟楼区永红锦阳西苑,"119.921333,31.759142",320404
283,钟楼区永红荆川东园北区,"119.923143,31.763943",320404
284,钟楼区永红西巢村,"119.928524,31.761278",320404
285,钟楼区永红越友苑,"119.925017,31.769604",320404
286,钟楼区永红荆川东园,"119.921226,31.763411",320404
287,钟楼区永红怀德中路181号,"119.920009,31.776138",320404
288,钟楼区永红嘉城尚座,"119.927166,31.768755",320404
289,钟楼区永红方家村,"119.933441,31.762661",320404
290,钟楼区永红小园村,"119.920509,31.760435",320404
291,钟楼区永红荆川桃园,"119.921959,31.765787",320404
292,钟楼区永红紫阳花园,"119.938474,31.767661",320404
293,钟楼区永红陈渡苑小区,"119.917460,31.768765",320404
294,钟楼区永红陈渡荷叶组,"119.918387,31.766191",320404
295,钟楼区永红广成路刘家村,"119.938389,31.766258",320404
296,钟楼区永红仓厅街,"119.919349,31.766153",320404
297,钟楼区永红为民桥徐家村,"119.919877,31.759950",320404
298,钟楼区永红东巢村,"119.930917,31.766374",320404
299,钟楼区邹区邹新东苑,"119.853316,31.785813",320404
300,钟楼区邹区樾棠花园,"119.845463,31.798056",320404
301,钟楼区邹区金洲花城,"119.854328,31.789626",320404
302,钟楼区邹区泰富嘉园,"119.850719,31.785784",320404
303,钟楼区邹区名城嘉苑,"119.856003,31.788558",320404
304,钟楼区邹区嘉宏MOOC星光城,"119.849171,31.799722",320404
305,钟楼区邹区泰富花园公馆,"119.849687,31.787039",320404
306,钟楼区邹区水岸馨苑,"119.851607,31.792424",320404
307,钟楼区邹区金源华庭,"119.843230,31.790565",320404
308,钟楼区邹区凯旋门大酒店,"119.844353,31.798846",320404
309,金坛区东城街道左邻右里,"119.599236,31.735389",320413
310,金坛区东城街道融创融熙诚园,"119.626785,31.725940",320413
311,金坛区东城街道金玉华府,"119.607327,31.733127",320413
312,金坛区东城街道朱庄花苑B区,"119.569922,31.722197",320413
313,金坛区东城街道华城二村,"119.593022,31.738632",320413
314,金坛区东城街道翠堤湾花园,"119.606275,31.744558",320413
315,金坛区东城街道九洲里花园,"119.545216,31.717159",320413
316,金坛区东城街道城开半岛花园,"119.573771,31.726251",320413
317,金坛区东城街道皇家华园,"119.614707,31.737334",320413
318,金坛区东城街道华苑二村B区,"119.594936,31.748833",320413
319,金坛区东城街道中景华府,"119.592293,31.723433",320413
320,金坛区东城街道焦园村,"119.588619,31.746836",320413
321,金坛区东城街道金水华都,"119.567399,31.738654",320413
322,金坛区东城街道松庄别墅,"119.587658,31.731695",320413
323,金坛区东城街道四季雅苑4区,"119.607026,31.742161",320413
324,金坛区东城街道香格里拉山庄,"119.647788,31.753994",320413
325,金坛区东城街道金坛新城金郡,"119.582048,31.721611",320413
326,金坛区东城街道珑庭花园,"119.641884,31.753466",320413
327,金坛区东城街道金郡花园1区,"119.582048,31.721611",320413
328,金坛区东城街道金禧园(金坛市),"119.588249,31.752338",320413
329,金坛区东城街道书香苑,"119.603766,31.741609",320413
330,金坛区东城街道金源福地,"119.585194,31.745041",320413
331,金坛区东城街道金湖花园,"119.617364,31.737283",320413
332,金坛区东城街道金江苑一村,"119.623468,31.737672",320413
333,金坛区东城街道景潭花园,"119.590981,31.733414",320413
334,金坛区东城街道中景·尚海城,"119.602612,31.723903",320413
335,金坛区东城街道钱塘映象花园,"119.599175,31.717337",320413
336,金坛区东城街道东城宜景苑,"119.600092,31.742775",320413
337,金坛区东城街道中梁金坛壹号院,"119.594403,31.725266",320413
338,金坛区东城街道金郡花园2区,"119.582872,31.722044",320413
339,金坛区东城街道愚池新村,"119.566750,31.731619",320413
340,金坛区东城街道西下塘别墅,"119.591613,31.755605",320413
341,金坛区东城街道筑源世家,"119.607026,31.742161",320413
342,金坛区东城街道华城天赐园,"119.598306,31.745184",320413
343,金坛区东城街道七庙巷,"119.607026,31.742161",320413
344,金坛区东城街道玉山花园,"119.615128,31.733999",320413
345,金坛区东城街道名仕家园,"119.598322,31.740451",320413
346,金坛区东城街道万士新村,"119.571290,31.716978",320413
347,金坛区东城街道胡姬花园,"119.594243,31.754660",320413
348,金坛区东城街道金江苑三村二区,"119.630261,31.738061",320413
349,金坛区东城街道吾悦华府,"119.595429,31.729565",320413
350,金坛区东城街道金江苑三区,"119.627908,31.737604",320413
351,金坛区东城街道徐塘新村,"119.592439,31.734837",320413
352,金坛区东城街道碧水华庭,"119.603847,31.737074",320413
353,金坛区东城街道华达名都,"119.602448,31.730068",320413
354,金坛区东城街道金巢公寓,"119.590606,31.736225",320413
355,金坛区东城街道保利紫荆公馆,"119.602426,31.727480",320413
356,金坛区东城街道河滨新村,"119.575771,31.732900",320413
357,金坛区东城街道虹桥新邨,"119.583289,31.737675",320413
358,金坛区东城街道金水湾,"119.600044,31.746247",320413
359,金坛区东城街道金坛碧桂园一区,"119.592832,31.726668",320413
360,金坛区东城街道翠园新村南区,"119.588994,31.737802",320413
361,金坛区东城街道金坛碧桂园,"119.592832,31.726668",320413
362,金坛区东城街道新城东苑三区,"119.609975,31.727931",320413
363,金坛区东城街道南洲花园,"119.557905,31.723164",320413
364,金坛区东城街道金胜花园,"119.610388,31.739715",320413
365,金坛区东城街道凯尔尚郡花园二期,"119.588388,31.756834",320413
366,金坛区东城街道金江东苑一区,"119.634643,31.740894",320413
367,金坛区东城街道愚池湾,"119.571152,31.736608",320413
368,金坛区东城街道美丽华大厦,"119.607080,31.741350",320413
369,金坛区东城街道新安花园,"119.579682,31.739567",320413
370,金坛区东城街道华中小区,"119.577247,31.747787",320413
371,金坛区东城街道华城四村,"119.591511,31.741440",320413
372,金坛区东城街道金江苑一区,"119.627908,31.737604",320413
373,金坛区东城街道中梁壹号院金玺天郡,"119.594605,31.723808",320413
374,金坛区东城街道新城尚隽天骄,"119.598805,31.716197",320413
375,金坛区东城街道金沙花园,"119.578923,31.747046",320413
376,金坛区东城街道金虹大院,"119.580804,31.736180",320413
377,金坛区东城街道紫玉华府,"119.575545,31.725981",320413
378,金坛区东城街道新城东苑一区,"119.606616,31.727666",320413
379,金坛区东城街道新城逸隽,"119.607026,31.742161",320413
380,金坛区东城街道虹亚美丽华公寓,"119.606298,31.740568",320413
381,金坛区东城街道金悦湾花园,"119.598292,31.729878",320413
382,金坛区东城街道金海湾公馆,"119.582418,31.732376",320413
383,金坛区东城街道新城萃隽,"119.607026,31.742161",320413
384,金坛区东城街道刘家塘小区,"119.578530,31.742330",320413
385,金坛区东城街道四季雅苑1区,"119.607026,31.742161",320413
386,金坛区东城街道凯尔尚郡花园一期,"119.588388,31.756834",320413
387,金坛区东城街道城南花园,"119.558509,31.726015",320413
388,金坛区东城街道东园新村,"119.584792,31.745497",320413
389,金坛区东城街道杜鹃园,"119.607026,31.742161",320413
390,金坛区东城街道华城新村,"119.593499,31.739345",320413
391,金坛区东城街道万科公园大道,"119.625950,31.721167",320413
392,金坛区东城街道紫金园,"119.584077,31.751510",320413
393,金坛区东城街道南园一村,"119.574573,31.739222",320413
394,金坛区东城街道华城百鑫家园,"119.602581,31.743309",320413
395,金坛区东城街道万达光语未来,"119.626945,31.724120",320413
396,金坛区东城街道华城嘉园,"119.592081,31.740667",320413
397,金坛区东城街道金坛新天地,"119.576814,31.739854",320413
398,金坛区东城街道金坛碧桂园二区,"119.594241,31.726317",320413
399,金坛区东城街道东方三村,"119.607548,31.754346",320413
400,金坛区东城街道新城东苑二区,"119.606462,31.730243",320413
401,金坛区东城街道供销新村,"119.591216,31.739949",320413
402,金坛区东城街道朱庄花苑C区,"119.571876,31.722064",320413
403,金坛区东城街道南园二村,"119.571301,31.738520",320413
404,金坛区东城街道南园新村,"119.572517,31.741003",320413
405,金坛区东城街道华庭嘉园,"119.604455,31.754310",320413
406,金坛区东城街道金江苑二村,"119.625949,31.741548",320413
407,金坛区东城街道翠园新村北区,"119.585086,31.738214",320413
408,金坛区东城街道滨河星城御湖豪庭,"119.577631,31.735891",320413
409,金坛区东城街道华苑三村,"119.592783,31.748157",320413
410,金坛区东城街道弘化新村,"119.575934,31.738895",320413
411,金坛区东城街道金城尚品花苑,"119.587627,31.735097",320413
412,金坛区东城街道东方二村,"119.604484,31.755971",320413
413,金坛区东城街道亿景花园,"119.684108,31.713455",320413
414,金坛区东城街道怡沁园,"119.580326,31.745651",320413
415,金坛区东城街道城市花园(金坛),"119.582610,31.739537",320413
416,金坛区东城街道滨河广场,"119.575476,31.736392",320413
417,金坛区东城街道华苑二村A区,"119.593881,31.745907",320413
418,金坛区东城街道华城商业广场,"119.591511,31.741440",320413
419,金坛区东城街道金河花园,"119.600562,31.736976",320413
420,金坛区东城街道红星·铂悦风华,"119.607026,31.742161",320413
421,金坛区东城街道溪栖庄园,"119.689810,31.719910",320413
422,金坛区东城街道华苑新村,"119.593222,31.744075",320413
423,金坛区东城街道金桂园,"119.582715,31.749501",320413
424,金坛区东城街道金池花园,"119.633989,31.738199",320413
425,金坛区东城街道晨风小区,"119.602258,31.755357",320413
426,金坛区东城街道仓房小区,"119.579482,31.744718",320413
427,金坛区东城街道北环东路139号,"119.581553,31.747100",320413
428,金坛区东城街道朱庄花苑A区,"119.568037,31.722616",320413
429,金坛区东城街道北园新村二区,"119.581224,31.748980",320413
430,金坛区东城街道东门大街,"119.583116,31.743245",320413
431,金坛区东城街道玉兰园,"119.607026,31.742161",320413
432,金坛区东城街道古石林小区,"119.596452,31.749137",320413
433,金坛区东城街道金江苑二区,"119.627908,31.737604",320413
434,金坛区东城街道金碧园,"119.585663,31.750326",320413
435,金坛区东城街道金江苑五区,"119.627908,31.737604",320413
436,金坛区东城街道北戴庄,"119.577266,31.734301",320413
437,金坛区东城街道金坛国际公寓,"119.621045,31.733236",320413
438,金坛区东城街道中海翠语江南,"119.587025,31.726127",320413
439,金坛区东城街道北戴新村,"119.579369,31.732429",320413
440,金坛区东城街道岸头佳园一区,"119.617840,31.700677",320413
441,金坛区东城街道圣东福地花苑一期,"119.596727,31.751497",320413
442,金坛区东城街道东环一路,"119.583319,31.741149",320413
443,金坛区东城街道玫瑰园,"119.604219,31.734800",320413
444,金坛区东城街道金江南苑,"119.625335,31.734661",320413
445,金坛区东城街道周家村,"119.475055,31.656691",320413
446,金坛区东城街道南门商业街,"119.574689,31.737270",320413
447,金坛区东城街道市场路,"119.581142,31.739689",320413
448,金坛区东城街道金江苑三村一区,"119.630089,31.740716",320413
449,金坛区东城街道半岛珑庭二期,"119.641884,31.753466",320413
450,金坛区东城街道东方新都苑二区,"119.625604,31.758354",320413
451,金坛区东城街道华苑一村,"119.590796,31.744082",320413
452,金坛区东城街道新城东苑四区,"119.610267,31.725045",320413
453,金坛区东城街道汇贤苑,"119.613286,31.735087",320413
454,金坛区东城街道岸头佳园二区,"119.617840,31.700677",320413
455,金坛区东城街道司马坊商务中心公寓,"119.607026,31.742161",320413
456,金坛区东城街道东社村,"119.587466,31.730216",320413
457,金坛区东城街道金田花园,"119.637104,31.741316",320413
458,金坛区东城街道春风一村,"119.580996,31.752729",320413
459,金坛区东城街道南门大街,"119.607026,31.742161",320413
460,金坛区东城街道天誉物流城,"119.619905,31.752601",320413
461,金坛区东城街道紫荆苑(金坛市),"119.617423,31.757792",320413
462,金坛区东城街道寺巷村,"119.585232,31.740633",320413
463,金坛区东城街道金海花苑,"119.631498,31.739548",320413
464,金坛区东城街道东方一村,"119.607988,31.759083",320413
465,金坛区东城街道瑞香园,"119.607026,31.742161",320413
466,金坛区东城街道学基路,"119.480201,31.697329",320413
467,金坛区东城街道东环二路,"119.589845,31.742942",320413
468,金坛区东城街道万和紫金街,"119.657737,31.768590",320413
469,金坛区东城街道东方新都苑一区,"119.625548,31.755078",320413
470,金坛区东城街道新城熙隽,"119.625417,31.730644",320413
471,武进区滆湖镇绿城·江南里,"119.942770,31.727211",320412
472,武进区滆湖镇天安别墅,"119.855002,31.693600",320412
473,武进区滆湖镇碧桂园浅水湾,"119.897016,31.648479",320412
474,武进区滆湖镇碧桂园都市森林,"119.867798,31.699854",320412
475,武进区滆湖镇绿地香奈,"119.861150,31.706413",320412
476,武进区滆湖镇湖滨嘉园一期,"119.865513,31.580095",320412
477,武进区滆湖镇翡丽蓝湾,"119.815553,31.687774",320412
478,武进区滆湖镇星河丹堤花园8区,"119.858188,31.689904",320412
479,武进区滆湖镇金新滟澜湖,"119.852632,31.689376",320412
480,武进区滆湖镇临湖世家别院,"119.840299,31.688212",320412
481,武进区滆湖镇湖滨怡景,"119.862348,31.704547",320412
482,武进区滆湖镇星河澜月湾,"119.840887,31.684649",320412
483,武进区滆湖镇嘉宏雅居乐湖光映月,"119.901001,31.645231",320412
484,武进区滆湖镇湖畔春秋,"119.856538,31.696020",320412
485,武进区滆湖镇新城湖悦郎隽,"120.097714,31.750861",320412
486,武进区滆湖镇路劲太湖院子,"120.054196,31.448748",320412
487,武进区滆湖镇星河丹堤,"119.858188,31.689904",320412
488,武进区滆湖镇星河丹堤花园一区,"119.858188,31.689904",320412
489,武进区滆湖镇津通雅苑,"119.852683,31.704744",320412
490,武进区滆湖镇新城港龙栖湖春秋,"119.787996,31.679558",320412
491,武进区滆湖镇金鼎·湟廷御墅,"119.855236,31.704013",320412
492,地段小区名,,
493,武进区滆湖镇新城·路劲西岸时光,"120.097714,31.750861",320412
494,武进区滆湖镇建源西江月,"119.855236,31.704013",320412
495,武进区滆湖镇漫山花海,"119.941630,31.708401",320412
496,新北区河海长兴好日子家园,"119.985108,31.829462",320411
497,新北区河海燕阳花园,"119.982437,31.833553",320411
498,新北区河海珠江花园,"119.985208,31.822642",320411
499,新北区河海锦绣天地,"119.978173,31.824085",320411
500,新北区河海朗诗绿郡花园,"119.967884,31.825547",320411
501,新北区河海吟枫苑东区,"119.980208,31.825675",320411
502,新北区河海燕兴新村东区,"119.985348,31.832169",320411
503,新北区河海中创时代广场,"119.976688,31.827380",320411
504,新北区河海繁華里,"119.978173,31.824085",320411
505,新北区河海蓝色港湾花园,"119.981647,31.830518",320411
506,新北区河海兰翔新村,"119.979934,31.821343",320411
507,新北区河海华宇新城·天境,"119.978173,31.824085",320411
508,新北区河海燕兴新村西区,"119.982132,31.832251",320411
509,新北区河海兰翔二村北区,"119.983549,31.822887",320411
510,新北区河海九龙仓国宾1号,"119.996198,31.819917",320411
511,新北区河海天安花园,"119.984632,31.825853",320411
512,新北区河海新城樾隽中央,"119.978173,31.824085",320411
513,新北区河海燕阳特区,"119.980033,31.833820",320411
514,新北区河海天润园,"119.991069,31.820888",320411
515,新北区河海荣盛馨河郦舍,"119.995054,31.829014",320411
516,新北区河海龙湖景粼天著,"119.994854,31.824116",320411
517,新北区河海牡丹和府,"119.978588,31.835169",320411
518,新北区河海佳源悦府,"119.971160,31.825741",320411
519,新北区河海都市雅居,"119.983778,31.830328",320411
520,新北区河海嘉新花苑,"119.972642,31.831895",320411
521,新北区河海华亭苑,"119.976731,31.831863",320411
522,新北区河海康郡,"119.973622,31.834744",320411
523,新北区河海常信怀德名园,"119.988129,31.825181",320411
524,新北区河海新名园,"119.989724,31.825949",320411
525,新北区河海现代城,"119.986657,31.821790",320411
526,新北区河海河海二村,"119.979330,31.824248",320411
527,新北区河海金田雅居,"119.980590,31.832618",320411
528,新北区河海侨光苑,"119.976057,31.829969",320411
529,新北区河海中惠商住楼,"119.975690,31.821574",320411
530,新北区河海绿色家园,"119.990027,31.828418",320411
531,新北区河海香树湾馨苑,"119.992631,31.828208",320411
532,新北区河海御庭园,"119.988682,31.821820",320411
533,新北区河海世纪广场,"119.973619,31.823314",320411
534,新北区河海吟枫苑西区,"119.978382,31.825789",320411
535,新北区河海新荷花园,"119.976040,31.822369",320411
536,新北区河海富都花苑北村西区,"119.974779,31.835483",320411
537,新北区河海公园人家,"119.980649,31.822748",320411
538,新北区河海富都花苑北村东区,"119.976879,31.835063",320411
539,新北区河海道生中心,"119.974670,31.824669",320411
540,新北区河海兰翔二村南区,"119.984496,31.821153",320411
541,新北区河海保纳商业广场,"119.988380,31.833121",320411
542,新北区河海富都商务公寓,"119.976905,31.828679",320411
543,新北区河海惠山苑西区,"119.976859,31.824244",320411
544,新北区河海金惠雅居,"119.977836,31.822348",320411
545,新北区河海凤凰苑,"119.980639,31.828926",320411
546,新北区龙虎塘锦珑湾花园,"120.001808,31.830506",320411
547,新北区龙虎塘美林湖一区,"119.997233,31.833021",320411
548,新北区河海惠山苑东区,"119.978173,31.824085",320411
549,新北区河海富都南村西区,"119.974755,31.832133",320411
550,新北区河海黄山路400号,"119.987364,31.829974",320411
551,新北区河海熙华雅园,"119.978173,31.824085",320411
552,新北区龙虎塘美林湖花园,"119.993157,31.836123",320411
553,新北区河海荣盛锦绣华府,"119.969703,31.829928",320411
554,新北区河海长江公寓小区,"119.990398,31.826814",320411
555,新北区河海新惠大厦,"119.974555,31.821800",320411
556,新北区河海富都花苑南村东区,"119.975605,31.831778",320411
557,新北区河海金城大厦,"119.975222,31.831272",320411
558,新北区河海御花园(新北),"119.987901,31.820436",320411
559,新北区河海荣盛曼哈顿广场,"119.969781,31.829169",320411
560,新北区河海建设大厦,"119.973997,31.831671",320411
561,新北区河海广润大厦,"119.978719,31.834022",320411
562,新北区河海天安商住楼,"119.974855,31.826115",320411
563,新北区河海浩源大厦,"119.972838,31.822290",320411
564,经开区横林镇港龙紫御府,"120.098269,31.686790",320412
565,经开区横林镇龙宸铭著,"120.095132,31.679359",320412
566,经开区横林镇上林国际,"120.098315,31.685416",320412
567,经开区横林镇中天花园,"120.094507,31.695228",320412
568,经开区横林镇天启云庭,"120.094006,31.687757",320412
569,经开区横林镇福临东苑,"120.093626,31.687263",320412
570,经开区横林镇鸿盛名苑,"120.096741,31.684206",320412
571,经开区横林镇红星公寓,"120.093269,31.689164",320412
572,经开区横山桥镇万象府,"120.058818,31.758700",320412
573,经开区横山桥镇横山家苑,"120.117329,31.765684",320412
574,经开区横山桥镇东方福郡,"120.048709,31.753735",320412
575,经开区横山桥镇7区上东,"120.113335,31.763339",320412
576,经开区横山桥镇领秀江南,"120.094363,31.762597",320412
577,经开区潞城牡丹招商·公园学府,"120.051610,31.761643",320412
578,经开区横山桥镇阳光山城,"120.115101,31.769380",320412
579,经开区横山桥镇横麓雅居,"120.098513,31.756790",320412
580,天宁区横山桥镇长青名苑,"120.053794,31.786457",320402
581,经开区横山桥镇新利贸业广场,"120.105924,31.762657",320412
582,经开区横山桥镇美士隆商住楼北楼,"120.112760,31.764367",320412
583,武进区湖塘镇四季新城北苑,"119.961111,31.737534",320412
584,武进区湖塘镇常州万科城,"119.950245,31.713664",320412
585,武进区湖塘镇武进购物中心小区,"119.959385,31.717653",320412
586,武进区湖塘镇聚湖雅苑,"119.930465,31.742468",320412
587,武进区湖塘镇茂业豪园,"119.946251,31.712751",320412
588,武进区湖塘镇融创常州御园,"119.934309,31.730863",320412
589,武进区湖塘镇南河家园,"119.926492,31.664392",320412
590,武进区湖塘镇新城熙园,"119.958674,31.729502",320412
591,武进区湖塘镇星河国际十区,"119.934160,31.716129",320412
592,武进区湖塘镇美的金科公园天下,"119.963213,31.667063",320412
593,武进区湖塘镇绿城玉兰广场春晓苑,"119.932108,31.729877",320412
594,武进区湖塘镇凯尔锋度,"119.947006,31.689318",320412
595,武进区湖塘镇招商花园城,"119.903059,31.699663",320412
596,武进区湖塘镇德禾豪景,"119.939096,31.705101",320412
597,武进区湖塘镇中梁悦荣华庭,"119.935086,31.734553",320412
598,武进区湖塘镇名仕佳园,"119.952220,31.672502",320412
599,武进区湖塘镇星河国际四期七区,"119.938913,31.719528",320412
600,武进区湖塘镇新城域花园二期,"119.975004,31.730096",320412
601,武进区湖塘镇金堤花苑,"119.967156,31.731748",320412
602,武进区湖塘镇吾悦广场北区,"119.939190,31.732011",320412
603,武进区湖塘镇融创常州御园三期,"119.934980,31.729557",320412
604,武进区湖塘镇绿地香颂花园,"119.930074,31.736279",320412
605,武进区湖塘镇新城南都美域,"119.942611,31.710825",320412
606,武进区湖塘镇新城春天里,"119.971199,31.727058",320412
607,武进区湖塘镇新城郡未来,"119.970945,31.724577",320412
608,武进区湖塘镇新城锦域,"119.911267,31.702937",320412
609,武进区湖塘镇路劲城三期,"119.975297,31.715213",320412
610,武进区湖塘镇常发珑玥,"119.935244,31.725574",320412
611,武进区湖塘镇华都馨苑,"119.945459,31.733764",320412
612,武进区湖塘镇美的国宾府,"119.950228,31.729801",320412
613,武进区湖塘镇新城桃李郡,"120.097714,31.750861",320412
614,武进区湖塘镇时代锦苑,"119.972845,31.705341",320412
615,武进区湖塘镇天隽峰,"119.955530,31.707029",320412
616,武进区湖塘镇喜盈门花苑,"119.969627,31.729229",320412
617,武进区湖塘镇御城（六期）,"119.964610,31.700031",320412
618,武进区湖塘镇万泽国际,"119.959433,31.696390",320412
619,武进区湖塘镇阳湖名城,"119.961073,31.708007",320412
620,武进区湖塘镇御城,"119.964610,31.700031",320412
621,武进区湖塘镇美的翰林府,"119.966535,31.669869",320412
622,武进区湖塘镇恒景花园,"119.943892,31.717778",320412
623,武进区湖塘镇弘建一品,"119.950245,31.713664",320412
624,武进区湖塘镇万达中央华城,"119.947856,31.730887",320412
625,武进区湖塘镇香江壹品,"119.958637,31.735418",320412
626,武进区湖塘镇星河国际一期一区,"119.940078,31.711542",320412
627,武进区湖塘镇新城华宇悦隽公馆,"119.934923,31.684975",320412
628,武进区湖塘镇天润国际花园,"119.968873,31.686696",320412
629,武进区湖塘镇紫金城北区,"119.941213,31.723446",320412
630,武进区湖塘镇随园锦湖公寓,"119.945742,31.735435",320412
631,武进区湖塘镇百兴华府二期,"119.959723,31.725202",320412
632,武进区湖塘镇星河国际七期十二区,"119.939926,31.714337",320412
633,武进区湖塘镇亚泰财富中心,"119.949350,31.688633",320412
634,武进区湖塘镇中央府东区,"119.943139,31.693211",320412
635,武进区湖塘镇莱蒙城·铂郡,"119.937500,31.694834",320412
636,武进区湖塘镇星河国际四期八区,"119.937973,31.719046",320412
637,武进区湖塘镇高力国际SOHO,"119.974407,31.696423",320412
638,武进区湖塘镇香聚雅苑,"119.935255,31.737998",320412
639,武进区湖塘镇随园金麟府,"119.943617,31.736504",320412
640,武进区湖塘镇新城南都御苑,"119.945690,31.710570",320412
641,武进区湖塘镇紫金商业公寓,"119.926997,31.677101",320412
642,武进区湖塘镇红星爱琴海花园,"119.910678,31.699804",320412
643,武进区湖塘镇新城香溢澜桥二期,"119.970416,31.716133",320412
644,武进区湖塘镇新城帝景北区,"119.950253,31.709884",320412
645,武进区湖塘镇春秋金茂府,"119.925536,31.693969",320412
646,武进区湖塘镇新城南都雅苑,"119.945845,31.707111",320412
647,武进区湖塘镇新城公馆-天域,"119.951809,31.701321",320412
648,武进区湖塘镇聚湖半岛,"119.923670,31.739186",320412
649,武进区湖塘镇绿地峰云汇西区,"119.936896,31.735729",320412
650,武进区湖塘镇路劲城四期,"119.950245,31.713664",320412
651,武进区湖塘镇莱蒙城美景公寓,"119.947033,31.694465",320412
652,武进区湖塘镇星河国际二期五区,"119.940108,31.717310",320412
653,武进区湖塘镇湾里新村东区,"119.950233,31.717558",320412
654,武进区湖塘镇香榭丽园,"119.974060,31.707105",320412
655,武进区湖塘镇摩尔上品,"119.957041,31.674827",320412
656,武进区湖塘镇湾里新村西区,"119.946690,31.716452",320412
657,武进区湖塘镇路劲铂樾,"119.939959,31.736549",320412
658,武进区湖塘镇御龙山花园别墅,"119.936340,31.723114",320412
659,武进区湖塘镇花东五村,"119.951972,31.729158",320412
660,武进区湖塘镇新城公馆尊域,"119.951809,31.701321",320412
661,武进区湖塘镇莱蒙城·铂晶,"119.937513,31.692720",320412
662,武进区湖塘镇花东三村原东风路小区,"119.951695,31.726058",320412
663,武进区湖塘镇新城公馆荣域,"119.954842,31.701584",320412
664,武进区湖塘镇中奥珑郡,"119.943452,31.689257",320412
665,武进区湖塘镇龙德花园,"119.960956,31.705021",320412
666,武进区湖塘镇新城金樾,"119.894116,31.694168",320412
667,武进区湖塘镇绿地白金汉宫,"119.950245,31.713664",320412
668,武进区湖塘镇星河国际三期,"119.940308,31.717554",320412
669,武进区湖塘镇新城域花园,"119.975004,31.730096",320412
670,武进区湖塘镇观棠,"119.950245,31.713664",320412
671,武进区湖塘镇新城璞樾春秋,"119.928111,31.693465",320412
672,武进区湖塘镇南甸苑,"119.955946,31.713731",320412
673,武进区湖塘镇紫金城南区,"119.940873,31.721776",320412
674,武进区湖塘镇常发御龙山花园,"119.939168,31.723069",320412
675,武进区湖塘镇丰乐尚都二期,"119.938520,31.687829",320412
676,武进区湖塘镇四季新城,"119.961693,31.735491",320412
677,武进区湖塘镇路劲城二期,"119.950245,31.713664",320412
678,武进区湖塘镇新城南都花海,"119.941822,31.708277",320412
679,武进区湖塘镇香江康桥公寓,"119.951679,31.687567",320412
680,武进区湖塘镇常发嘉园,"119.952366,31.695476",320412
681,武进区湖塘镇新城香溢澜桥一期,"119.970318,31.713791",320412
682,武进区湖塘镇绿城玉兰广场诚园,"119.931826,31.732585",320412
683,武进区湖塘镇吾悦广场南区,"119.940130,31.728636",320412
684,武进区湖塘镇莱蒙城睿景公寓,"119.946975,31.692568",320412
685,武进区湖塘镇莱蒙城新尚,"119.937343,31.696412",320412
686,武进区湖塘镇溪湖小镇,"119.956960,31.661905",320412
687,武进区湖塘镇星湖商务广场,"119.967119,31.667942",320412
688,武进区湖塘镇红星威尼斯庄园,"119.910678,31.699804",320412
689,武进区湖塘镇九洲豪廷苑,"119.910423,31.694148",320412
690,武进区湖塘镇莱蒙城公寓,"119.938260,31.694697",320412
691,武进区湖塘镇天安尚城东区,"119.955358,31.667125",320412
692,武进区湖塘镇世佳紫缘公寓,"119.965780,31.709754",320412
693,武进区湖塘镇丽华南村别墅小区,"119.979366,31.731366",320412
694,武进区湖塘镇丰乐尚都三期,"119.944519,31.687745",320412
695,武进区湖塘镇丰乐公寓北区,"119.940663,31.704676",320412
696,武进区湖塘镇中天名园,"119.967004,31.728613",320412
697,武进区湖塘镇丰乐公寓,"119.938567,31.701531",320412
698,武进区湖塘镇逸兴聚缘公寓,"119.914902,31.715582",320412
699,武进区湖塘镇城中花苑,"119.953728,31.716795",320412
700,武进区湖塘镇古方新村,"119.962200,31.726404",320412
701,武进区湖塘镇新城公馆风尚,"119.947375,31.701141",320412
702,武进区湖塘镇阳湖世纪苑北苑,"119.963035,31.723022",320412
703,武进区湖塘镇澳新风情街,"119.948955,31.689244",320412
704,武进区湖塘镇景城名轩一期,"119.946262,31.702039",320412
705,武进区湖塘镇建安家园,"119.944056,31.740200",320412
706,武进区湖塘镇紫廷名苑,"119.964214,31.708119",320412
707,武进区湖塘镇景城名轩二期,"119.946262,31.702039",320412
708,武进区湖塘镇长河花园,"119.929195,31.717666",320412
709,武进区湖塘镇湖塘花园新村小区,"119.946318,31.723403",320412
710,武进区湖塘镇星河国际六期11区,"119.939926,31.714337",320412
711,武进区湖塘镇融创常州御园二期,"119.937791,31.730357",320412
712,武进区湖塘镇星河国际一期二区,"119.940078,31.711542",320412
713,武进区湖塘镇芳草园,"119.956728,31.715245",320412
714,武进区湖塘镇裕坤常州美城二期,"119.950245,31.713664",320412
715,武进区湖塘镇恒大翡翠华庭,"119.965951,31.704542",320412
716,武进区湖塘镇武柴新村,"119.940694,31.738963",320412
717,武进区湖塘镇翰林雅居花苑,"119.943673,31.687710",320412
718,武进区湖塘镇南田雅园,"119.951863,31.715859",320412
719,武进区湖塘镇菊花三村,"119.981608,31.712845",320412
720,武进区湖塘镇花园公寓,"119.951575,31.730984",320412
721,武进区湖塘镇长虹名苑,"119.912879,31.717089",320412
722,武进区湖塘镇星河国际一期三区,"119.940078,31.711542",320412
723,武进区湖塘镇吾悦广场悦公寓,"119.942540,31.726864",320412
724,武进区湖塘镇新濠澜境,"119.964212,31.676952",320412
725,武进区湖塘镇广成东方大厦,"119.956104,31.727491",320412
726,武进区湖塘镇路劲城一期,"119.975297,31.715213",320412
727,武进区湖塘镇湾里前壮村,"119.945978,31.718888",320412
728,武进区湖塘镇新城帝景南区,"119.951113,31.708154",320412
729,武进区湖塘镇嘉宏一江风华,"119.970938,31.722681",320412
730,武进区湖塘镇美的翰林府二期,"119.966535,31.669869",320412
731,武进区湖塘镇天豪大厦,"119.937206,31.698720",320412
732,武进区湖塘镇金都名苑,"119.949440,31.698538",320412
733,武进区湖塘镇空中别墅,"119.945968,31.694990",320412
734,武进区湖塘镇丽华南村竹园小区,"119.979916,31.728911",320412
735,武进区湖塘镇文渊居,"119.962665,31.717448",320412
736,武进区湖塘镇湾里新村,"119.947503,31.717027",320412
737,武进区湖塘镇东方公寓一期,"119.954666,31.734777",320412
738,武进区湖塘镇阳湖世纪苑南苑,"119.959852,31.721362",320412
739,武进区湖塘镇星河赋,"119.858260,31.689364",320412
740,武进区湖塘镇阳光金域,"119.941829,31.713097",320412
741,武进区湖塘镇汝悦春秋苑,"119.950245,31.713664",320412
742,武进区湖塘镇莱蒙城公园里,"119.939227,31.695530",320412
743,武进区湖塘镇万博生活广场,"119.956710,31.717347",320412
744,武进区湖塘镇丽华南村,"119.979383,31.730739",320412
745,武进区湖塘镇聚盛花园明日之星,"119.962579,31.673365",320412
746,武进区湖塘镇学府名门花苑,"119.949183,31.675085",320412
747,武进区湖塘镇万达SOHO公寓,"119.948418,31.730380",320412
748,武进区湖塘镇富都公馆,"119.956960,31.661905",320412
749,武进区湖塘镇新城花苑,"119.957972,31.736842",320412
750,武进区湖塘镇花东二村C区,"119.956354,31.722708",320412
751,武进区湖塘镇新城花苑东区,"119.958457,31.737360",320412
752,武进区湖塘镇天安尚城,"119.953890,31.667484",320412
753,武进区湖塘镇武房古方新村小区,"119.962200,31.726404",320412
754,武进区湖塘镇四季新城金典,"119.958234,31.738354",320412
755,武进区湖塘镇花东三村西区,"119.951797,31.726458",320412
756,经开区湖塘镇路劲天隽峰荟,"120.045174,31.719460",320412
757,武进区湖塘镇顺天花苑,"119.950059,31.690787",320412
758,武进区湖塘镇锦源大厦,"119.948603,31.687430",320412
759,武进区湖塘镇步步高广场,"119.956084,31.732941",320412
760,武进区湖塘镇旺府公寓,"119.957451,31.694816",320412
761,武进区湖塘镇学苑尚街,"119.953026,31.688169",320412
762,武进区湖塘镇新城吾悦广场,"119.940010,31.731997",320412
763,武进区湖塘镇龙涛紫郡苑,"119.979946,31.708685",320412
764,武进区湖塘镇花东二村B区,"119.953730,31.721305",320412
765,武进区湖塘镇景瑞宸运天赋,"119.930059,31.737718",320412
766,武进区湖塘镇百兴华府一期,"119.959216,31.726147",320412
767,武进区湖塘镇文澜国宾,"119.909641,31.750451",320412
768,武进区湖塘镇东庄新村北区,"119.960595,31.728799",320412
769,武进区湖塘镇华盛品樾公馆,"119.950245,31.713664",320412
770,武进区湖塘镇新城帝景东区,"119.953545,31.706203",320412
771,武进区湖塘镇国际公寓,"119.950245,31.713664",320412
772,武进区湖塘镇丰乐尚都一期,"119.938520,31.687829",320412
773,武进区湖塘镇茂业商立方,"119.950245,31.713664",320412
774,武进区湖塘镇中央府西区,"119.941146,31.693264",320412
775,天宁区兰陵街道弘阳上城,"119.924969,31.752667",320402
776,天宁区兰陵街道九州新世界君玺,"119.960445,31.781958",320402
777,天宁区兰陵街道紫云府,"119.933605,31.752579",320402
778,武进区兰陵街道棕榈湾,"119.916673,31.746580",320412
779,天宁区兰陵街道兰陵尚品花园c区,"119.948926,31.751833",320402
780,天宁区兰陵街道龙涛兰陵郡,"119.960445,31.781958",320402
781,武进区兰陵街道兰蕙佳园,"119.954559,31.746666",320402
782,武进区兰陵街道外滩壹号花园三区,"119.945760,31.744870",320412
783,武进区兰陵街道外滩壹号花园五区,"119.945685,31.746345",320412
784,天宁区兰陵街道复兴家园,"119.933340,31.755313",320402
785,武进区兰陵街道外滩壹号花园,"119.945760,31.744870",320412
786,天宁区兰陵街道小徐家村,"119.950127,31.752428",320402
787,天宁区兰陵街道天安河滨花园,"119.946348,31.766004",320402
788,天宁区兰陵街道工人新村南,"119.943983,31.763322",320404
789,天宁区兰陵街道华海花园,"119.955721,31.764254",320402
790,天宁区兰陵街道弘阳燕澜湾,"119.927066,31.751829",320402
791,天宁区兰陵街道九洲新世界,"119.951687,31.763385",320402
792,天宁区兰陵街道兰庭,"119.960445,31.781958",320402
793,天宁区兰陵街道兰陵尚品花园四期,"119.948352,31.749975",320402
794,武进区兰陵街道绿园爱舍南区,"119.911292,31.752318",320412
795,天宁区兰陵街道浦南广景苑,"119.953373,31.755865",320402
796,天宁区兰陵街道兰陵锦轩,"119.947548,31.756742",320402
797,天宁区兰陵街道国泰名都,"119.948307,31.758560",320402
798,天宁区兰陵街道九洲新世界花苑,"119.951388,31.763625",320402
799,武进区兰陵街道中凉新村六期,"119.952649,31.743050",320412
800,天宁区兰陵街道迎宾秀园,"119.942138,31.758576",320402
801,天宁区兰陵街道工人新村北区,"119.944096,31.765556",320402
802,天宁区兰陵街道浦南新村(西区),"119.946675,31.757503",320402
803,武进区兰陵街道新城长岛花园,"119.926390,31.748793",320412
804,天宁区兰陵街道九州新世界公寓,"119.960445,31.781958",320402
805,天宁区兰陵街道世纪华城二期,"119.927932,31.754994",320402
806,天宁区兰陵街道江南公寓,"119.940682,31.758605",320402
807,天宁区兰陵街道江南经典花园,"119.947227,31.750990",320402
808,武进区兰陵街道伟业·臻品花园,"119.849033,31.705311",320412
809,天宁区兰陵街道浦北公寓,"119.956766,31.761876",320402
810,天宁区兰陵街道浦北新村,"119.954083,31.760244",320402
811,天宁区兰陵街道兰陵尚品花园A区,"119.948352,31.749975",320402
812,天宁区兰陵街道九洲新家园,"119.951748,31.753086",320402
813,天宁区兰陵街道浦南南村,"119.952203,31.749445",320402
814,武进区兰陵街道中凉花园东区,"119.949490,31.744096",320412
815,天宁区兰陵街道工人新村北,"119.946691,31.764391",320402
816,天宁区兰陵街道江南佳园,"119.944902,31.759925",320402
817,天宁区兰陵街道劳动新村南区,"119.951470,31.759989",320402
818,武进区兰陵街道中凉新村,"119.949746,31.744572",320412
819,武进区兰陵街道欣达园,"119.945090,31.747412",320412
820,武进区兰陵街道翔宇文苑,"119.911676,31.748822",320412
821,天宁区兰陵街道光华苑,"119.953103,31.758043",320402
822,武进区兰陵街道中凉二村,"119.946397,31.746461",320412
823,武进区兰陵街道中凉二村南区,"119.951614,31.746066",320412
824,天宁区兰陵街道丰臣南郡,"119.944345,31.756272",320402
825,武进区兰陵街道中凉花园西区,"119.945027,31.745643",320412
826,武进区兰陵街道中凉一村,"119.943482,31.744774",320412
827,天宁区兰陵街道银河湾电脑城,"119.957472,31.764506",320402
828,天宁区兰陵街道兰陵家园,"119.945670,31.764798",320402
829,天宁区兰陵街道浦南新村（东区）,"119.946675,31.757503",320402
830,天宁区兰陵街道光华公寓,"119.947782,31.759570",320402
831,天宁区兰陵街道兰陵尚品B区,"119.948300,31.749998",320402
832,武进区兰陵街道中凉新村七期东区,"119.951116,31.741968",320412
833,天宁区兰陵街道嘉豪名苑,"119.933058,31.754283",320402
834,武进区兰陵街道中凉二村西区,"119.949347,31.747048",320412
835,天宁区兰陵街道王家场,"119.954621,31.756066",320402
836,天宁区兰陵街道公路处宿舍一号楼,"119.960445,31.781958",320402
837,新北区龙虎塘牡丹·三江公园,"119.987118,31.861670",320411
838,新北区龙虎塘牡丹·水岸国际,"119.974900,31.850224",320411
839,新北区龙虎塘美林湖龙门里,"119.997942,31.834588",320411
840,新北区龙虎塘九洲花园南区,"119.991686,31.845524",320411
841,新北区龙虎塘江山樾花园,"119.973980,31.848473",320411
842,新北区龙虎塘祥龙苑,"119.997090,31.841240",320411
843,新北区龙虎塘牡丹三江公馆,"119.987257,31.859178",320411
844,新北区龙虎塘玲珑花园,"119.998773,31.843580",320411
845,新北区龙虎塘九洲花园北区,"119.991686,31.845524",320411
846,新北区龙虎塘百兴芝荟时光,"119.991454,31.859701",320411
847,新北区龙虎塘盘龙苑东区,"119.988071,31.853709",320411
848,新北区龙虎塘紫阳美地山庄,"119.990956,31.850829",320411
849,新北区龙虎塘九洲花园三期,"119.988948,31.843506",320411
850,新北区龙虎塘龙栖花园,"119.995447,31.847437",320411
851,新北区龙虎塘盘龙苑西区,"119.985800,31.851041",320411
852,新北区龙虎塘道城商务广场,"119.991454,31.859701",320411
853,新北区龙虎塘香树湾名苑,"119.994593,31.836478",320411
854,新北区龙虎塘九洲花园,"119.991686,31.845524",320411
855,新北区龙虎塘藏龙苑西区,"119.986422,31.847250",320411
856,新北区龙虎塘藏龙苑南区,"119.985939,31.845462",320411
857,新北区龙虎塘藏龙苑东区,"119.988239,31.846556",320411
858,新北区龙虎塘江南五金机电城,"119.987755,31.836206",320411
859,新北区龙虎塘盘龙苑南区,"119.990129,31.848905",320411
860,新北区龙虎塘长江塑化市场,"119.976901,31.848352",320411
861,新北区龙虎塘金地·珑悦湾,"119.991454,31.859701",320411
862,新北区龙虎塘和枫苑,"119.996142,31.844656",320411
863,新北区龙虎塘藏龙苑北区,"119.985212,31.849388",320411
864,经开区潞城美的云筑,"120.051610,31.761643",320412
865,经开区潞城港龙.新港城,"120.051610,31.761643",320412
866,经开区潞城万科潮起东方,"120.042196,31.749010",320412
867,经开区潞城公园壹号四期,"120.041664,31.757186",320412
868,经开区潞城公园壹号花园,"120.039606,31.756966",320412
869,经开区潞城嘉州枫景苑,"120.043823,31.756108",320412
870,经开区潞城港龙紫荆城,"120.045688,31.753420",320412
871,经开区潞城蓝山湖,"120.033710,31.745407",320412
872,经开区潞城豪景家园,"120.041080,31.752867",320412
873,经开区潞城东方君开,"120.038934,31.749490",320412
874,经开区潞城亨达未来城,"120.041548,31.751420",320412
875,经开区潞城福康宁花园,"120.045960,31.756316",320412
876,经开区潞城常钢宿舍,"120.027486,31.742788",320412
877,武进区南夏墅街道南湖家苑二期,"119.955488,31.646079",320412
878,武进区南夏墅街道荣盛御府,"119.944730,31.633933",320412
879,武进区南夏墅街道中梁百悦城,"119.849033,31.705311",320412
880,武进区南夏墅街道新城都荟,"119.925950,31.624873",320412
881,武进区南夏墅街道三盛璞悦湾,"119.944924,31.631934",320412
882,武进区南夏墅街道中梁前黄壹号院,"119.952533,31.591337",320412
883,武进区南夏墅街道上悦城,"119.916847,31.632173",320412
884,武进区南夏墅街道嘉宏蓝爵,"119.947720,31.632226",320412
885,武进区南夏墅街道瑞景花园,"119.958389,31.598544",320412
886,新北区三井大名城西区,"119.943623,31.813550",320411
887,新北区三井百草苑,"119.989318,31.806322",320411
888,新北区三井银河湾第一城一期,"119.935909,31.809355",320411
889,新北区三井水木年华,"119.986580,31.809883",320411
890,新北区三井雅居乐星河湾,"119.952910,31.813944",320411
891,新北区三井新城府翰苑西区,"119.977959,31.815884",320411
892,新北区三井绿洲家园,"119.985371,31.803476",320411
893,新北区三井怡盛花园,"119.959013,31.814182",320411
894,新北区三井绿都万和城七区,"119.928882,31.820612",320411
895,新北区三井前桥新村,"119.946987,31.819855",320411
896,新北区三井大诚苑,"119.982571,31.811612",320411
897,新北区三井旺角花园,"119.974062,31.819949",320411
898,新北区三井嘉禾尚郡花园,"119.935879,31.821388",320411
899,新北区三井金地格林郡,"119.931216,31.811262",320411
900,新北区三井绿都万和城三区,"119.934676,31.816808",320411
901,新北区三井龙湖·春江天玺,"119.942781,31.963372",320411
902,新北区三井绿都万和城二区,"119.937357,31.815368",320411
903,新北区三井绿都万和城五区,"119.933657,31.819342",320411
904,新北区三井新城府翰苑东区,"119.981225,31.815259",320411
905,新北区三井玉龙湾花园,"119.947618,31.805528",320411
906,新北区三井泰山二村,"119.956264,31.817848",320411
907,新北区三井中海龙城花园,"119.959849,31.812719",320411
908,新北区三井南博湾花园,"119.960260,31.823706",320411
909,新北区三井银河湾第一城二期,"119.935909,31.809355",320411
910,新北区三井飞龙新苑,"119.948278,31.807321",320411
911,新北区三井新城御景湾,"119.963038,31.813222",320411
912,新北区三井泰山一村,"119.958187,31.820705",320411
913,新北区三井绿都万和城九区,"119.933091,31.817571",320411
914,新北区三井大名城南区,"119.946805,31.811228",320411
915,新北区三井天山花园,"119.927587,31.811897",320411
916,新北区三井绿都万和城阳湖郡,"119.928828,31.818630",320411
917,新北区三井嘉顺花园,"119.966671,31.821502",320411
918,新北区三井雅居乐常乐府,"119.963573,31.817643",320411
919,新北区三井康桥水郡,"119.995037,31.816701",320411
920,新北区三井藻江花园,"119.982262,31.804367",320411
921,新北区三井大名城西区二区,"119.943623,31.813550",320411
922,新北区三井太湖明珠苑北区,"119.964850,31.817282",320411
923,新北区三井太湖花园南区,"119.983347,31.815042",320411
924,新北区三井金地.天际,"119.963573,31.817643",320411
925,新北区三井雅筑公寓,"119.964524,31.821530",320411
926,新北区三井太湖明珠苑,"119.964031,31.816731",320411
927,新北区恐龙园世茂香槟湖一期,"119.999020,31.812706",320411
928,新北区三井翡翠锦园,"119.963441,31.811159",320411
929,新北区三井典雅花园,"119.967880,31.810163",320411
930,新北区三井新城牡丹格拉美西,"119.931024,31.814956",320411
931,新北区恐龙园世茂香槟湖二期,"119.999020,31.812706",320411
932,新北区三井新城樾府,"119.987468,31.812373",320411
933,新北区恐龙园龙湖原山,"120.009542,31.814628",320411
934,天宁区红梅金百商业广场,"119.985976,31.784776",320402
935,新北区三井西小村小区,"119.964076,31.812042",320411
936,新北区恐龙园世茂香槟湖三期,"119.999020,31.812706",320411
937,新北区三井府西花园,"119.970343,31.814611",320411
938,新北区三井汇丰一村,"119.971155,31.816473",320411
939,新北区三井中海龙城花园南区,"119.960494,31.811879",320411
940,新北区恐龙园世茂香槟湖五期,"119.999020,31.812706",320411
941,新北区三井豪庭花园,"119.982031,31.813055",320411
942,新北区恐龙园香树湾福园,"119.996464,31.828221",320411
943,新北区三井星海银园东区,"119.979302,31.816857",320411
944,新北区三井尚枫澜湾,"119.948650,31.816899",320411
945,新北区三井福地聚龙苑,"119.968579,31.815817",320411
946,新北区三井江南春晓花园,"119.962726,31.822210",320411
947,天宁区红梅金百花园,"119.959785,31.803007",320402
948,新北区三井新北万达广场,"119.970794,31.818811",320411
949,新北区三井天誉城市花园二期,"119.986147,31.811057",320411
950,新北区恐龙园世茂香槟湖南区,"120.000204,31.810011",320411
951,新北区三井阳光花园(新北),"119.986481,31.817033",320411
952,新北区三井大名城东区,"119.948945,31.810135",320411
953,新北区三井府琛花园,"119.973954,31.816393",320411
954,新北区三井河海新村,"119.976615,31.820249",320411
955,天宁区红梅鼎泰花园,"119.960814,31.806926",320402
956,新北区三井泰山三村,"119.959831,31.816428",320411
957,新北区恐龙园世茂香槟湖四期,"119.999020,31.812706",320411
958,新北区三井金桂公寓,"119.982290,31.816400",320411
959,新北区恐龙园九龙仓时代上院,"119.992569,31.821781",320411
960,新北区三井中海龙城公馆北区,"119.961991,31.814276",320411
961,天宁区红梅爱特大厦,"119.962283,31.804482",320402
962,新北区三井太阳花园,"119.974096,31.818528",320411
963,天宁区红梅新城蓝钻苑（东区）,"119.962062,31.806003",320402
964,新北区三井巢丰苑,"119.966251,31.817608",320411
965,新北区三井大名城北区,"119.947618,31.813772",320411
966,天宁区红梅金梅花园,"119.952946,31.806789",320402
967,天宁区红梅常州融御华庭,"119.960438,31.799627",320402
968,新北区三井东南花园,"119.988189,31.814216",320411
969,新北区三井嵩山路,"119.964186,31.822173",320411
970,新北区三井世府邻里中心,"119.987666,31.804788",320411
971,新北区三井美林国际村,"119.989271,31.818730",320411
972,天宁区红梅新城蓝钻苑南区,"119.961364,31.804660",320402
973,新北区三井天誉城市花园一期,"119.986147,31.811057",320411
974,天宁区红梅金梅花园北区,"119.952972,31.808319",320402
975,新北区三井山水和园,"119.970212,31.812416",320411
976,新北区三井府琛商务广场,"119.971387,31.817489",320411
977,新北区三井丰臣凯林花园,"119.963573,31.817643",320411
978,新北区三井星海银园西区,"119.975564,31.818498",320411
979,新北区三井金城花苑,"119.969589,31.821191",320411
980,新北区三井融锦锦鲤公寓,"119.963573,31.817643",320411
981,新北区恐龙园世茂广场,"120.004975,31.814200",320411
982,新北区三井华山苑,"119.949436,31.818929",320411
983,天宁区红梅金新润园,"119.985976,31.784776",320402
984,新北区三井书香世家花园,"119.961650,31.811727",320411
985,新北区三井太阳城商务中心,"119.972362,31.818398",320411
986,新北区恐龙园龙湖星图,"120.006550,31.814014",320411
987,新北区三井新城牡丹世纪之光,"119.940282,31.814937",320411
988,新北区三井兴业苑,"119.965756,31.812796",320411
989,新北区三井丰臣国际广场,"119.971280,31.820816",320411
990,新北区三井常州现代传媒中心,"119.972701,31.814375",320411
991,新北区三井太湖明珠苑西苑,"119.962512,31.819328",320411
992,新北区三井太湖中路,"119.963732,31.817158",320411
993,新北区三井太湖西路5-2号商办楼,"119.949078,31.820537",320411
994,新北区小新桥新桥新欣嘉园,"119.968337,31.878919",320411
995,新北区小新桥清水湾花园三期,"119.966291,31.866904",320411
996,新北区小新桥新景花苑二期,"119.975589,31.859896",320411
997,新北区小新桥锦海星城,"119.970215,31.874070",320411
998,新北区小新桥滨江明珠城,"119.973980,31.868525",320411
999,新北区小新桥水韵江南,"119.968780,31.868828",320411
1000,新北区小新桥锦海尚城,"119.970102,31.863471",320411
1001,新北区小新桥西瑶苑,"119.968836,31.874039",320411
1002,新北区小新桥新龙花苑东区,"119.972065,31.860779",320411
1003,新北区小新桥天禄西阆苑,"119.971987,31.875090",320411
1004,新北区小新桥滨江明珠城二期,"119.973980,31.868525",320411
1005,新北区小新桥长宏公寓,"119.995360,31.931352",320411
1006,新北区小新桥友谊家苑,"119.969666,31.919571",320411
1007,新北区小新桥新龙花苑,"119.968934,31.860850",320411
1008,新北区小新桥新景花苑西区,"119.968868,31.865451",320411
1009,新北区小新桥龙控绿地公园道,"119.969572,31.931946",320411
1010,新北区小新桥百馨南苑,"119.965837,31.921324",320411
1011,新北区小新桥春晓苑,"119.970102,31.863471",320411
1012,新北区小新桥滨江豪园,"119.995251,31.926368",320411
1013,新北区小新桥雅居乐常州熙悦府,"119.970102,31.863471",320411
1014,新北区小新桥新民家园,"119.992191,31.926146",320411
1015,新北区小新桥星河时代,"119.967528,31.927047",320411
1016,新北区小新桥百盛苑,"119.970102,31.863471",320411
1017,新北区小新桥百馨西苑一期,"119.958918,31.921797",320411
1018,新北区小新桥百馨苑北区,"119.970102,31.863471",320411
1019,新北区小新桥新景花苑东区,"119.975282,31.865180",320411
1020,新北区小新桥安家苑,"119.970102,31.863471",320411
1021,新北区小新桥新魏花园,"119.970102,31.863471",320411
1022,新北区小新桥春江中央花苑北区,"119.966416,31.929002",320411
1023,新北区小新桥春江中央花苑南区,"119.966099,31.927624",320411
1024,新北区小新桥百馨苑中区,"119.970102,31.863471",320411
1025,新北区小新桥常恒花苑,"119.950056,31.980630",320411
1026,新北区小新桥百合花苑,"119.970102,31.863471",320411
1027,新北区小新桥春江人家,"119.968276,31.930330",320411
1028,新北区小新桥百馨西苑四期,"119.955650,31.922201",320411
1029,新北区小新桥新园花苑,"119.992278,31.929415",320411
1030,新北区小新桥圩塘新村五村,"119.996030,31.934641",320411
1031,新北区小新桥新龙江城市广场,"119.966751,31.876289",320411
1032,新北区小新桥圩塘新村三村,"119.970102,31.863471",320411
1033,新北区小新桥新港路,"119.970102,31.863471",320411
1034,新北区小新桥百馨西苑三期,"119.960875,31.923816",320411
1035,新北区小新桥新业街,"119.970102,31.863471",320411
1036,新北区小新桥长宏苑,"119.970102,31.863471",320411
1037,新北区小新桥百馨西苑五期,"119.958343,31.931282",320411
1038,金坛区西城街道雅居乐山湖城,"119.568016,31.746003",320413
1039,金坛区西城街道梅园,"119.568016,31.746003",320413
1040,金坛区西城街道云湖山庄,"119.568016,31.746003",320413
1041,金坛区西城街道文化新村,"119.563934,31.742359",320413
1042,金坛区西城街道凤凰城,"119.577123,31.758981",320413
1043,金坛区西城街道城北小区,"119.569567,31.753681",320413
1044,金坛区西城街道春风二村,"119.581135,31.753891",320413
1045,金坛区西城街道金溪新村,"119.568778,31.747634",320413
1046,金坛区西城街道景阳花园,"119.559514,31.738568",320413
1047,金坛区西城街道西门大街,"119.558190,31.744246",320413
1048,金坛区西城街道东湖根园,"119.568016,31.746003",320413
1049,金坛区西城街道春草塘,"119.572638,31.747943",320413
1050,金坛区西城街道虹亚亲亲家园,"119.569995,31.748528",320413
1051,金坛区西城街道春风西路,"119.575964,31.750601",320413
1052,金坛区西城街道颐和世家,"119.568706,31.740907",320413
1053,金坛区西城街道丹阳门中路,"119.572239,31.747946",320413
1054,金坛区西城街道上庄农民公寓,"119.564921,31.748465",320413
1055,金坛区西城街道美地蓝庭,"119.557727,31.751015",320413
1056,金坛区西城街道园田新村,"119.562790,31.737913",320413
1057,金坛区西城街道园区新村,"119.560479,31.750279",320413
1058,金坛区西城街道桃源山庄,"119.568016,31.746003",320413
1059,金坛区西城街道恒大御湖庄园,"119.576606,31.735410",320413
1060,金坛区西城街道文化一村,"119.565372,31.741979",320413
1061,金坛区西城街道文昌花园,"119.566361,31.745421",320413
1062,金坛区西城街道丹阳门北路,"119.574401,31.758869",320413
1063,金坛区西城街道春风三村,"119.579278,31.754978",320413
1064,金坛区西城街道五星家园,"119.558907,31.755849",320413
1065,金坛区西城街道幸福新村,"119.571177,31.746968",320413
1066,金坛区西城街道北环小区,"119.567205,31.748546",320413
1067,金坛区西城街道北环西路19号,"119.572964,31.750468",320413
1068,金坛区西城街道金城花园,"119.565961,31.755050",320413
1069,金坛区西城街道文化二村,"119.563134,31.742117",320413
1070,金坛区西城街道山湖城花园湖畔小院,"119.325652,31.753456",320413
1071,金坛区西城街道金城镇元巷小区,"119.550693,31.766772",320413
1072,金坛区西城街道白凉亭新村,"119.570013,31.745743",320413
1073,金坛区西城街道金桂美庐,"119.556198,31.742548",320413
1074,金坛区西城街道文荟苑北区,"119.560547,31.743199",320413
1075,金坛区西城街道阳光花园(金坛),"119.569060,31.755627",320413
1076,金坛区西城街道茅山颐园,"119.568016,31.746003",320413
1077,金坛区西城街道望华新村,"119.567385,31.743609",320413
1078,金坛区西城街道丽锦家园,"119.564703,31.752887",320413
1079,金坛区西城街道四中教师楼,"119.568016,31.746003",320413
1080,金坛区西城街道文萃苑,"119.559238,31.741406",320413
1081,金坛区西城街道丹丽花园,"119.572316,31.754089",320413
1082,金坛区西城街道八角井小区,"119.569103,31.743350",320413
1083,金坛区西城街道好得家商务公馆,"119.546941,31.737312",320413
1084,金坛区西城街道邮堂庙新苑,"119.557429,31.761335",320413
1085,金坛区西城街道社场头,"119.565393,31.750202",320413
1086,金坛区西城街道社场头171号,"119.562708,31.750364",320413
1087,金坛区西城街道东方盐湖城美池温泉度假村,"119.606787,31.757297",320413
1088,金坛区西城街道文荟苑南区,"119.560819,31.741142",320413
1089,金坛区西城街道文化路,"119.568818,31.746626",320413
1090,金坛区西城街道上庄小区,"119.564782,31.748451",320413
1091,金坛区西城街道宝昌大院,"119.568016,31.746003",320413
1092,金坛区西城街道龙山路36号,"119.562842,31.735691",320413
1093,金坛区西城街道明月山溪,"119.568016,31.746003",320413
1094,新北区新桥金科·保利北郡花园,"119.948785,31.863793",320411
1095,新北区新桥碧桂园壹号天禧,"119.964084,31.853343",320411
1096,新北区新桥牡丹蓝光晶曜,"119.964029,31.861169",320411
1097,新北区新桥碧桂园光明·碧玥和鸣,"119.442227,31.331111",320481
1098,新北区新桥礼韵世家花园,"119.951180,31.862470",320411
1099,新北区新桥弘阳上坤云峯,"119.957571,31.867979",320411
1100,新北区新桥清水湾花园一期,"119.966291,31.866904",320411
1101,新北区新桥清水湾花园二期,"119.966291,31.866904",320411
1102,新北区新桥凤凰名城,"119.969318,31.851938",320411
1103,新北区新桥腾龙苑西区,"119.969612,31.856190",320411
1104,新北区新桥腾龙苑东区,"119.972402,31.855531",320411
1105,新北区新桥绿地名敦道,"119.964029,31.861169",320411
1106,新北区新桥碧桂园·翡丽都会,"119.948393,31.867526",320411
1107,新北区新桥腾龙南苑,"119.968423,31.850145",320411
1108,新北区新桥新立名园,"119.961341,31.858776",320411
1109,新北区新桥新龙花苑西,"119.968934,31.860850",320411
1110,新北区新桥馨都苑,"119.964495,31.859365",320411
1111,新北区新桥新盛花苑,"119.959910,31.858097",320411
1112,新北区薛家新城•悠活城,"119.925750,31.852972",320411
1113,新北区薛家九龙仓年华里,"119.917524,31.849976",320411
1114,新北区薛家怡枫苑,"119.931118,31.851568",320411
1115,新北区薛家东渡海派青城,"119.930382,31.857107",320411
1116,新北区薛家雅居乐凤凰湖北苑,"119.917198,31.852204",320411
1117,新北区薛家白马公馆,"119.932004,31.824563",320411
1118,新北区薛家佳兆业凤凰湖壹号,"119.911959,31.850995",320411
1119,新北区薛家常州奥林匹克花园,"119.928885,31.853616",320411
1120,新北区薛家万科·弘阳君望甲第,"119.913021,31.860630",320411
1121,新北区薛家聚怡花园南区,"119.922872,31.853987",320411
1122,新北区薛家怡景名园,"119.927110,31.845483",320411
1123,新北区薛家九龙仓荣华里,"119.912902,31.852119",320411
1124,新北区薛家顺园二村,"119.924775,31.851583",320411
1125,新北区薛家天逸城北区,"119.930845,31.846753",320411
1126,新北区薛家橄榄城,"119.925591,31.860552",320411
1127,新北区薛家顺园一村,"119.818649,31.903071",320411
1128,新北区薛家顺园八村一期北区,"119.922188,31.861747",320411
1129,新北区薛家天逸城,"119.930617,31.845571",320411
1130,新北区薛家顺园新村三村,"119.923611,31.857954",320411
1131,新北区薛家顺园六村,"119.924775,31.851583",320411
1132,新北区薛家丽园社区顺园八村二期,"119.919720,31.863962",320411
1133,新北区薛家顺园新村南区,"119.923611,31.857954",320411
1134,新北区薛家香槟广场,"119.926554,31.850414",320411
1135,新北区薛家伊顿小镇,"119.929356,31.859182",320411
1136,新北区薛家顺园九村玉龙社区南区,"119.910558,31.862910",320411
1137,新北区薛家順园九村玉龙社区北区,"119.910558,31.862910",320411
1138,新北区薛家九龙仓凤凰湖墅,"119.915383,31.849665",320411
1139,新北区薛家童子河社区顺园八村南区,"119.920991,31.860791",320411
1140,新北区薛家香槟置业广场,"119.925750,31.852972",320411
1141,新北区薛家顺园八村三期南区,"119.922188,31.861747",320411
1142,新北区薛家顺园八村三期北区,"119.922188,31.861747",320411
1143,新北区薛家万科SOHO公寓,"119.925750,31.852972",320411
1144,新北区薛家天宇购物广场,"119.931102,31.848570",320411
1145,新北区薛家牡丹学苑,"119.829494,31.840575",320411
1146,武进区雪堰镇太湖庄园,"120.086746,31.460258",320412
1147,武进区雪堰镇旷达福源二区,"120.050481,31.521358",320412
1148,武进区雪堰镇太湖湾度假村,"120.049500,31.500411",320412
1149,武进区雪堰镇阳光花园,"120.052237,31.528329",320412
1150,武进区雪堰镇望湖名门,"120.098765,31.502521",320412
1151,武进区雪堰镇旷达太湖花园,"120.059491,31.512708",320412
1152,武进区雪堰镇太湖香树花园,"120.054196,31.448748",320412
1153,武进区雪堰镇悦欣庭院,"120.052237,31.528329",320412
1154,武进区雪堰镇望湖怡景,"120.103013,31.501839",320412
1155,武进区雪堰镇雪湖家园,"120.100681,31.509846",320412
1156,武进区雪堰镇九洲红墅岭,"120.060886,31.479942",320412
1157,武进区雪堰镇雪湖新苑,"120.102907,31.508513",320412
1158,武进区雪堰镇佳源名人公馆,"120.062485,31.525637",320412
1159,武进区雪堰镇世纪锦苑,"120.055369,31.527523",320412
1160,武进区雪堰镇湖山颐舍,"120.100961,31.501935",320412
1161,武进区雪堰镇枫叶花园,"120.101553,31.508443",320412
1162,武进区雪堰镇竺山湖小镇,"120.056834,31.478566",320412
1163,经开区遥观镇新城和昱,"120.049983,31.715902",320412
1164,经开区遥观镇宋剑湖家园,"120.049605,31.706000",320412
1165,经开区遥观镇临津花园,"120.027348,31.707341",320412
1166,经开区遥观镇观景苑,"120.038255,31.708513",320412
1167,经开区遥观镇昱湖上观,"120.040871,31.704845",320412
1168,经开区遥观镇观澜云庭,"120.034449,31.694394",320412
1169,经开区遥观镇戚墅堰商住中心,"120.066694,31.720945",320412
1170,经开区遥观镇丰乐花苑,"120.072768,31.716444",320412
1171,经开区遥观镇遥光辰苑,"120.027497,31.709334",320412
1172,经开区遥观镇站北新村,"120.049983,31.715902",320412
1173,经开区遥观镇戚厂工房南区,"120.057587,31.726475",320412
1174,经开区遥观镇福鑫园,"120.062882,31.721874",320412
1175,经开区遥观镇常州得园,"120.044325,31.703577",320412
1176,经开区遥观镇新城和昱文萃苑,"120.056587,31.730901",320412
1177,经开区遥观镇圩墩新村,"120.064381,31.718236",320412
1178,经开区遥观镇新城和昱林茵苑,"120.059218,31.731920",320412
1179,经开区遥观镇湖滨新村,"119.901513,31.686957",320412
1180,经开区遥观镇剑湖华庭,"120.042367,31.707775",320412
1181,经开区遥观镇园城汇龙湾家园,"120.070899,31.719212",320412
1182,经开区遥观镇碧水云庭,"120.039135,31.703659",320412
1183,经开区遥观镇今创茗园,"120.042924,31.709719",320412
1184,经开区遥观镇花溪兰庭,"120.062078,31.732469",320412
1185,经开区遥观镇戚厂工房9区,"120.058368,31.727161",320412
1186,经开区遥观镇观墩花苑,"120.064044,31.736509",320412
1187,经开区遥观镇戚厂工房北区,"120.058368,31.727161",320412
1188,经开区遥观镇延陵东路153号,"120.067598,31.720701",320412
1189,经开区遥观镇戚厂工房十区,"120.058368,31.727161",320412
1190,天宁区郑陆镇金域东郡花园,"120.084318,31.826434",320402
1191,天宁区郑陆镇金源商业广场,"120.077619,31.819997",320402
1192,天宁区郑陆镇申达花苑,"120.082878,31.823337",320402
1193,钟楼区北港保利公园九里,"119.907590,31.803041",320404
1194,钟楼区北港景瑞曦城,"119.895012,31.799341",320404
1195,钟楼区北港雨润城,"119.894701,31.784475",320404
1196,钟楼区北港景瑞英郡花苑,"119.894911,31.802690",320404
1197,钟楼区北港金色领寓,"119.905171,31.801199",320404
1198,钟楼区北港枫林雅都,"119.902432,31.805203",320404
1199,钟楼区北港凯尔枫尚花园,"119.896343,31.801830",320404
1200,钟楼区北港枫逸人家,"119.889748,31.804883",320404
1201,钟楼区北港中南红熙台,"119.886771,31.783154",320404
1202,钟楼区北港御源林城西区,"119.889971,31.797505",320404
1203,钟楼区北港雅居乐·路劲棠颂,"119.882794,31.794996",320404
1204,钟楼区北港桃李东方,"119.881285,31.789675",320404
1205,钟楼区北港万水美兰城,"119.888415,31.794918",320404
1206,钟楼区北港梧桐香郡花园西区,"119.887097,31.792452",320404
1207,钟楼区北港河枫御景花苑,"119.905366,31.803529",320404
1208,钟楼区北港清云澜湾A区,"119.897652,31.777950",320404
1209,钟楼区北港青枫公馆青枫花园,"119.906397,31.797968",320404
1210,钟楼区北港御源林城,"119.891616,31.796909",320404
1211,钟楼区北港梧桐香郡东区,"119.888711,31.791838",320404
1212,钟楼区北港保利和光晨樾东区,,
1213,钟楼区北港金茂府东区,"119.882794,31.794996",320404
1214,钟楼区北港清云澜湾C区,"119.897652,31.777950",320404
1215,钟楼区北港港悦府,"119.899045,31.808602",320404
1216,钟楼区北港丁香苑小区,"119.889411,31.775898",320404
1217,钟楼区北港青枫壹号,"119.891871,31.800599",320404
1218,钟楼区北港丁香苑小区二期,"119.889411,31.775898",320404
1219,钟楼区北港万泰国际广场檀香湾,"119.896465,31.775145",320404
1220,钟楼区北港保利和光晨樾西区,,
1221,钟楼区北港运河花园,"119.897353,31.806448",320404
1222,钟楼区北港宝龙国际花园二期,"119.893139,31.793164",320404
1223,钟楼区北港宝龙国际花园,"119.893139,31.793164",320404
1224,钟楼区北港美的旭辉天赋,"119.882794,31.794996",320404
1225,钟楼区北港金茂府西区,"119.882794,31.794996",320404
1226,钟楼区北港港龙华庭,"119.898423,31.803482",320404
1227,钟楼区北港金玉苑,"119.889398,31.800800",320404
1228,钟楼区北港青枫颐景花园,"119.894617,31.805096",320404
1229,钟楼区北港融信·澜悦,"119.882794,31.794996",320404
1230,钟楼区北港申达林与城,"119.882794,31.794996",320404
1231,钟楼区北港松涛苑,"119.879367,31.782758",320404
1232,钟楼区北港宝龙三期,"119.882794,31.794996",320404
1233,钟楼区北港璞悦缦宸,"119.880037,31.787514",320404
1234,钟楼区北港梧桐苑东区,"119.889612,31.788232",320404
1235,钟楼区北港瑞富苑,"119.907366,31.800363",320404
1236,钟楼区北港梧桐苑,"119.887622,31.790389",320404
1237,新北区奔牛嘉宏空港国际星光城,"119.822551,31.897739",320411
1238,新北区奔牛碧春雅园,"119.821767,31.888191",320411
1239,经开区奔牛天成雅居城东花园,"120.059533,31.715202",320412
1240,新北区奔牛空港一村,"119.818439,31.901788",320411
1241,新北区奔牛迎宾花园南区,"119.823685,31.845189",320411
1242,天宁区雕庄中海凤凰熙岸,"119.990454,31.749226",320402
1243,天宁区雕庄中海铂悦公馆,"119.997421,31.750288",320402
1244,天宁区雕庄泰和之春,"119.997104,31.748791",320402
1245,天宁区雕庄菱溪名居,"119.994675,31.752535",320402
1246,天宁区雕庄新城招商·璞樾和山,"120.004467,31.750420",320402
1247,天宁区雕庄锦凤合鸣,"120.015260,31.740208",320402
1248,天宁区雕庄金科中梁衡麓世家,"120.009044,31.735233",320402
1249,天宁区雕庄水岸花语,"119.991574,31.753915",320402
1250,经开区雕庄河苑家园,"120.050398,31.722405",320412
1251,经开区雕庄锦艺旭辉·都会江来,,
1252,天宁区雕庄采菱公寓,"119.995567,31.738768",320402
1253,天宁区雕庄竹韵名苑,"120.009044,31.735233",320402
1254,经开区雕庄湖港名居二期,"120.052352,31.719146",320412
1255,经开区雕庄福成上城,"120.049415,31.726607",320412
1256,经开区雕庄河苑家园北苑,"120.050285,31.723399",320412
1257,天宁区雕庄朝阳花园,"120.011050,31.735608",320402
1258,经开区雕庄湖港名居一期,"120.052352,31.719146",320412
1259,经开区雕庄湖港名城,"120.048790,31.717932",320412
1260,天宁区雕庄清溪人家,"120.018095,31.739429",320402
1261,天宁区红梅红梅东村,"119.989786,31.782604",320402
1262,新北区红梅聚博花园,"119.976484,31.798173",320411
1263,天宁区红梅红梅新村,"119.984828,31.779472",320402
1264,新北区红梅中央花园（新北区）,"119.978027,31.801286",320411
1265,天宁区红梅翠竹新村北区,"119.979909,31.796556",320402
1266,天宁区红梅青山湾南区,"119.960623,31.792262",320402
1267,天宁区红梅香缇湾花园,"119.964126,31.797796",320402
1268,天宁区红梅红梅假日花苑,"119.983616,31.783820",320402
1269,天宁区红梅锦绣花园东区,"119.967354,31.800517",320402
1270,天宁区红梅银河湾星苑,"119.973692,31.794275",320402
1271,天宁区红梅翠竹新村南区,"119.982449,31.794161",320402
1272,天宁区红梅新城尚东区花园西区,"119.984641,31.785190",320402
1273,天宁区红梅路劲美的竹林壹号,"119.968735,31.777956",320402
1274,天宁区红梅怡康机电广场,"119.965658,31.788371",320402
1275,天宁区红梅铂雅花园,"119.990942,31.785698",320402
1276,天宁区红梅凯旋城西区,"119.992398,31.785741",320402
1277,天宁区红梅北环新村,"119.978523,31.787560",320402
1278,天宁区红梅梅亭佳园,"119.991791,31.790303",320402
1279,天宁区红梅凯旋城,"119.994061,31.786902",320402
1280,天宁区红梅东方明珠花园,"119.978710,31.782195",320402
1281,天宁区红梅翠竹新村东北区,"119.984168,31.798789",320402
1282,天宁区红梅嘉盛苑,"119.965588,31.799309",320402
1283,天宁区红梅润德半岛,"119.967214,31.800233",320402
1284,天宁区红梅金新鼎邦,"119.961292,31.795720",320402
1285,天宁区红梅红梅公寓,"119.981671,31.784399",320402
1286,天宁区红梅盛世名门,"119.968231,31.794970",320402
1287,天宁区红梅怡康花园,"119.965395,31.790372",320402
1288,天宁区红梅红梅西村,"119.985914,31.775350",320402
1289,天宁区红梅锦绣花园西区,"119.965750,31.800831",320402
1290,天宁区红梅大圩沟,"119.963997,31.793844",320402
1291,天宁区红梅范家塘,"119.987082,31.781608",320402
1292,天宁区红梅永宁花园（桃李园）,"119.976598,31.794604",320402
1293,钟楼区红梅凯纳华侨城二期,"119.953700,31.792224",320404
1294,天宁区红梅新城蓝钻苑北区,"119.962346,31.806549",320402
1295,天宁区红梅九龙雅苑南区,"119.992683,31.778447",320402
1296,天宁区红梅北环南村,"119.985979,31.788803",320402
1297,钟楼区红梅汇金置业广场,"119.956533,31.791314",320404
1298,天宁区红梅锦绣东苑,"119.972014,31.800362",320402
1299,天宁区红梅奥韵家园,"119.973456,31.798374",320402
1300,天宁区红梅北环南苑,"119.986700,31.788119",320402
1301,天宁区红梅水清木华,"119.964816,31.804016",320402
1302,天宁区红梅世纪花园,"119.969210,31.796223",320402
1303,天宁区红梅怡安家园,"119.996829,31.779134",320402
1304,天宁区红梅德信佳源君宸府,"119.985976,31.784776",320402
1305,天宁区红梅新天地花苑,"119.962450,31.789627",320402
1306,天宁区红梅虹景金桂园,"119.997365,31.781523",320402
1307,天宁区红梅新城尚东区花园北区,"119.984899,31.787044",320402
1308,天宁区红梅通济新村,"119.957931,31.795030",320402
1309,天宁区红梅新天地商业广场,"119.985976,31.784776",320402
1310,天宁区红梅县北新村,"119.968366,31.788850",320402
1311,天宁区红梅坛园,"119.966274,31.795382",320402
1312,天宁区红梅青山湾花园北区,"119.960230,31.792935",320402
1313,天宁区红梅翠苑公寓,"119.988700,31.791489",320402
1314,天宁区红梅永宁星座公寓,"119.970901,31.790952",320402
1315,新北区红梅晋陵中路631号,"119.975489,31.798840",320402
1316,天宁区红梅竹林新村,"119.987501,31.785307",320402
1317,天宁区红梅晋陵北苑,"119.972561,31.796301",320402
1318,天宁区红梅聚缘雅居,"119.984040,31.781500",320402
1319,钟楼区红梅凯纳华侨城,"119.953700,31.792224",320404
1320,天宁区红梅景福苑,"119.977510,31.776761",320402
1321,天宁区红梅红菱南村,"119.970367,31.796666",320402
1322,天宁区红梅新城尚东区花园东区,"119.986397,31.785896",320402
1323,天宁区红梅故园路宿舍,"119.978346,31.792083",320402
1324,天宁区红梅翠园世家,"119.978539,31.793014",320402
1325,天宁区红梅虹景花园,"119.996494,31.783921",320402
1326,天宁区红梅锦绣南园,"119.968347,31.798745",320402
1327,天宁区红梅怡康国际公寓,"119.985976,31.784776",320402
1328,天宁区红梅建材新村,"119.963603,31.802161",320402
1329,钟楼区红梅斗巷公寓,"119.957386,31.792161",320404
1330,天宁区红梅聚景苑,"119.971367,31.793059",320402
1331,钟楼区红梅西新桥公寓,"119.954699,31.791092",320404
1332,天宁区红梅康云明居,"119.980564,31.779515",320402
1333,天宁区红梅故园里,"119.979804,31.792005",320402
1334,天宁区红梅惠峰花园,"119.994015,31.789233",320402
1335,天宁区红梅翠竹别墅居,"119.983655,31.798356",320402
1336,天宁区红梅福缘雅居,"119.974473,31.802028",320402
1337,天宁区红梅九龙雅苑北区,"119.992748,31.779600",320402
1338,天宁区红梅红梅东村二村,"119.989786,31.782604",320402
1339,天宁区红梅竹林北路28号,"119.986402,31.784373",320402
1340,天宁区红梅园心埒新寓,,
1341,天宁区红梅虹景花园二期,"119.996494,31.783921",320402
1342,天宁区红梅九洲环宇,"119.954089,31.758526",320402
1343,天宁区红梅省建宿舍,"119.985976,31.784776",320402
1344,天宁区红梅飞龙东路439-1号,"119.974413,31.793949",320402
1345,天宁区红梅铁道南村,"119.985976,31.784776",320402
1346,新北区璜土碧桂园百兴澜庭,"119.978178,31.848032",320411
1347,新北区璜土米兰阳光花苑,"119.978178,31.848032",320411
1348,新北区璜土龙城福第,"119.978178,31.848032",320411
1349,新北区璜土金美林花园,"119.978178,31.848032",320411
1350,新北区璜土文鑫苑,"119.978178,31.848032",320411
1351,新北区璜土富琛苑,"119.978178,31.848032",320411
1352,新北区恐龙园香树湾花园,"119.999806,31.827647",320411
1353,新北区恐龙园嘉宏·印山风华,"120.007818,31.810085",320411
1354,天宁区恐龙园长兴秀江南,"119.999439,31.792320",320402
1355,天宁区恐龙园长兴秀江南水岸名苑,,
1356,钟楼区南大街晋陵文锦,"119.955233,31.792539",320404
1357,钟楼区南大街怀德苑,"119.941124,31.774966",320404
1358,钟楼区南大街天禧星园,"119.952693,31.773774",320404
1359,天宁区南大街博爱公寓,"119.965212,31.784963",320402
1360,钟楼区南大街凯悦中心花园,"119.943075,31.776105",320404
1361,天宁区南大街南广场花园西,"119.970965,31.780461",320402
1362,钟楼区南大街清潭六村西区,"119.929684,31.771587",320404
1363,钟楼区南大街东方国际公寓,"119.956743,31.771607",320404
1364,钟楼区南大街金色新城东区,"119.949199,31.788239",320404
1365,钟楼区南大街鹏欣丽都,"119.950597,31.775126",320404
1366,天宁区南大街新丰街西楼,"119.968496,31.783077",320402
1367,钟楼区南大街香江华廷花园,"119.931560,31.775895",320404
1368,天宁区南大街斜桥巷,"119.964350,31.780611",320402
1369,天宁区南大街北直街小区,"119.959164,31.787660",320402
1370,钟楼区南大街河景花园,"119.945980,31.778284",320404
1371,天宁区南大街县学街87号,"119.963295,31.779506",320402
1372,天宁区南大街西园村,"119.506893,31.791912",320413
1373,钟楼区南大街中意寳第,"119.938451,31.776645",320404
1374,天宁区南大街电业宿舍,"119.999439,31.792320",320402
1375,钟楼区南大街运河天地,"119.947569,31.772362",320404
1376,钟楼区南大街嘉宏盛世,"119.955094,31.769218",320404
1377,钟楼区南大街广景山庄,"119.928753,31.773524",320404
1378,天宁区南大街迎春花园,"119.961162,31.778051",320402
1379,天宁区南大街勤俭村,"119.961337,31.784610",320402
1380,钟楼区南大街清潭六村东区,"119.931152,31.772504",320404
1381,钟楼区南大街云庭公寓,"119.954302,31.774640",320404
1382,钟楼区南大街金色新城西区,"119.945846,31.789588",320404
1383,钟楼区南大街东横街小区,"119.957044,31.784423",320404
1384,钟楼区南大街普济街小区,"119.943938,31.781074",320404
1385,天宁区南大街西园路,"119.961996,31.786036",320402
1386,天宁区南大街聚和家园,"119.963143,31.786314",320402
1387,钟楼区南大街西上园小区,"119.956357,31.789421",320404
1388,钟楼区南大街京城豪苑南区,"119.955988,31.781870",320404
1389,天宁区南大街娑罗家园,"119.960451,31.783312",320402
1390,钟楼区南大街铭巷家园,"119.951568,31.771438",320404
1391,钟楼区南大街文亨花园,"119.947783,31.777431",320404
1392,天宁区南大街博爱路小区,"119.964207,31.784904",320402
1393,钟楼区南大街星河名居,"119.948451,31.775289",320404
1394,钟楼区南大街经纬巷,"119.932895,31.773506",320404
1395,天宁区南大街中山路,"119.962724,31.782158",320402
1396,钟楼区南大街璞丽湾,"119.939054,31.785006",320404
1397,钟楼区南大街京城豪苑北区,"119.956833,31.783634",320404
1398,天宁区南大街世家华庭,"119.959359,31.775612",320402
1399,钟楼区南大街公园大厦,"119.953698,31.772553",320404
1400,钟楼区南大街荷花池公寓,"119.952367,31.783343",320404
1401,钟楼区南大街杨柳巷小区,"119.952577,31.777855",320404
1402,钟楼区南大街延陵西路83号,"119.956572,31.778440",320404
1403,天宁区南大街丽景花园,"119.967865,31.784850",320402
1404,天宁区南大街项家花苑,"119.959557,31.784617",320402
1405,钟楼区南大街名骏家园,"119.950737,31.778677",320404
1406,钟楼区南大街德馨花园,"119.946702,31.777183",320404
1407,钟楼区南大街会馆浜公寓,"119.939737,31.773130",320404
1408,钟楼区南大街高墩湾53号,"119.950462,31.773397",320404
1409,钟楼区南大街世纪明珠园,"119.949460,31.768496",320404
1410,钟楼区南大街九玺,"119.954008,31.769864",320404
1411,钟楼区南大街玉隆花园,"119.953667,31.782044",320404
1412,钟楼区南大街城中苑,"119.955767,31.771687",320404
1413,天宁区南大街牡丹公寓,"119.960771,31.782196",320402
1414,天宁区南大街青果南苑,"119.957426,31.770505",320402
1415,天宁区南大街春锦园,"119.962543,31.779646",320402
1416,天宁区南大街鹤苑新都,"119.963690,31.781792",320402
1417,钟楼区南大街茭蒲巷西区,"119.956335,31.774614",320404
1418,天宁区南大街金鼎公寓,"119.958786,31.779662",320402
1419,钟楼区南大街东头村,"119.954424,31.772000",320404
1420,天宁区南大街巨凝金水岸,"119.957583,31.769125",320402
1421,天宁区南大街三家村(天宁区),"119.966079,31.781273",320402
1422,钟楼区南大街天皇堂弄,"119.957300,31.786292",320404
1423,天宁区南大街城市花园(天宁),"119.961879,31.774183",320402
1424,天宁区南大街博爱路155号,"119.959616,31.784083",320402
1425,天宁区南大街马山埠,"119.958005,31.778772",320402
1426,钟楼区南大街银苑小区,"119.953805,31.789780",320404
1427,钟楼区南大街常宁公寓,"119.946587,31.775953",320404
1428,天宁区南大街金谷庄园,"119.961148,31.787342",320402
1429,天宁区南大街专家楼,"119.999439,31.792320",320402
1430,钟楼区南大街莱蒙小时代,"119.950413,31.780078",320404
1431,钟楼区南大街体育花苑,"119.941700,31.773131",320404
1432,天宁区南大街化龙巷120号,"119.957674,31.783810",320402
1433,钟楼区南大街吾悦国际广场,"119.955988,31.777375",320404
1434,钟楼区南大街天王堂新寓,"119.956241,31.788349",320404
1435,天宁区南大街荆溪福院,"119.960072,31.770847",320402
1436,天宁区南大街同安苑,"119.956590,31.768485",320402
1437,钟楼区南大街嘉业国贸广场,"119.953420,31.779049",320404
1438,钟楼区南大街民丰窑,"119.955988,31.777375",320404
1439,钟楼区南大街双子星座公寓,"119.953847,31.778106",320404
1440,天宁区南大街东苑,"119.999439,31.792320",320402
1441,天宁区南大街北太平桥,"119.965210,31.784342",320402
1442,钟楼区南大街玉带路,"119.952166,31.788665",320404
1443,天宁区南大街中山苑,"119.962401,31.782371",320402
1444,天宁区南大街升仙弄,"119.963549,31.770649",320402
1445,钟楼区南大街玉带公寓,"119.953405,31.788151",320404
1446,钟楼区南大街硝皮尖,"119.957925,31.789246",320404
1447,钟楼区南大街邮电宿舍,"119.945504,31.776568",320404
1448,钟楼区南大街会馆浜新村,"119.943158,31.774524",320404
1449,钟楼区南大街置信商务广场,"119.954371,31.784021",320404
1450,钟楼区南大街红星新村,"119.945615,31.787018",320404
1451,钟楼区南大街万博花苑,"119.939133,31.769043",320404
1452,天宁区南大街荆溪人家,"119.958537,31.770476",320402
1453,天宁区南大街天成苑,"119.962589,31.778908",320402
1454,天宁区南大街椿桂坊大楼,"119.964958,31.772081",320402
1455,钟楼区南大街邮电路小区,"119.951023,31.783518",320404
1456,钟楼区南大街吴家场公寓,"119.952539,31.771400",320404
1457,天宁区南大街王家村(天宁区),"119.970054,31.757267",320402
1458,钟楼区南大街小玉带桥,"119.957487,31.788134",320404
1459,钟楼区南大街广成路4号,"119.940863,31.766604",320404
1460,天宁区南大街丽宝第花苑,"119.953003,31.767054",320402
1461,天宁区南大街博爱花苑,"119.964273,31.784635",320402
1462,天宁区南大街北直街小区东区,"119.960281,31.787587",320402
1463,天宁区南大街中山门公寓,"119.965475,31.782032",320402
1464,钟楼区南大街觅渡雅居,"119.953411,31.781205",320404
1465,钟楼区南大街安阳花苑,"119.946751,31.783032",320404
1466,天宁区南大街兴隆巷,"119.959508,31.774738",320402
1467,钟楼区南大街邮电公寓,"119.945502,31.775792",320404
1468,天宁区南大街金桥花苑,"119.962705,31.783185",320402
1469,天宁区南大街武青北路5号,"119.969178,31.779815",320402
1470,钟楼区南大街八角井西滩一号,"119.955988,31.777375",320404
1471,钟楼区南大街米市河,"119.944152,31.782357",320404
1472,钟楼区南大街西横街,"119.953133,31.784585",320404
1473,钟楼区南大街嘉宏七棠,"119.931495,31.770009",320404
1474,天宁区南大街九洲玺,"119.971060,31.780146",320402
1475,天宁区南大街兴贤巷,"119.999439,31.792320",320402
1476,钟楼区南大街许家巷,"119.933295,31.770195",320404
1477,天宁区南大街西狮子巷,"119.966719,31.774357",320402
1478,钟楼区南大街清潭院街,"119.935947,31.769311",320404
1479,钟楼区南大街茭蒲巷东区,"119.957642,31.775370",320404
1480,钟楼区南大街新城怀德誉隽,"119.937671,31.777265",320404
1481,天宁区南大街多宝大厦,"119.962633,31.778329",320402
1482,天宁区南大街关河中路,"119.966191,31.786706",320402
1483,钟楼区南大街四合院,"119.939267,31.770856",320404
1484,天宁区南大街金谷公寓,"119.959187,31.788269",320402
1485,天宁区南大街椿桂坊公寓,"119.964749,31.771671",320402
1486,天宁区南大街赢通商务大厦,"119.960153,31.782585",320402
1487,钟楼区南大街广化里小区,"119.946486,31.771096",320404
1488,钟楼区南大街电子新村,"119.942075,31.771622",320404
1489,钟楼区南大街东下塘,"119.957202,31.771808",320404
1490,天宁区南大街金桥大厦,"119.962490,31.783936",320402
1491,钟楼区南大街康宁苑,"119.933922,31.768865",320404
1492,钟楼区南大街方正大厦,"119.934241,31.773672",320404
1493,钟楼区南大街普济公寓,"119.939610,31.780086",320404
1494,钟楼区南大街新奥佳园,"119.944440,31.771127",320404
1495,钟楼区南大街乐颐大厦,"119.953094,31.773016",320404
1496,钟楼区南大街延陵西路83-1号,"119.950255,31.780674",320404
1497,天宁区南大街和平里,"119.968206,31.783529",320402
1498,天宁区南大街铭筑高第,"119.966676,31.775557",320402
1499,钟楼区南大街青云坊大楼,"119.954695,31.778161",320404
1500,天宁区南大街大火弄小区,"119.959325,31.785389",320402
1501,钟楼区南大街吊桥路,"119.956540,31.770454",320404
1502,天宁区南大街兰陵公寓,"119.951017,31.766845",320402
1503,钟楼区南大街苹果街区公寓,"119.930293,31.773574",320404
1504,钟楼区南大街清潭路,"119.934059,31.768456",320404
1505,天宁区南大街赵家弄,"119.957655,31.771395",320402
1506,天宁区南大街麻巷68号,"119.964237,31.772566",320402
1507,钟楼区南大街电子新家园,"119.944305,31.772152",320404
1508,钟楼区南大街民丰路9弄,"119.950596,31.767946",320402
1509,钟楼区南大街碧霞一弄,"119.948929,31.776903",320404
1510,钟楼区南大街双桂坊57号,"119.956536,31.775847",320404
1511,钟楼区南大街早科坊大厦,"119.949022,31.779569",320404
1512,天宁区南大街春源大厦,"119.962536,31.780361",320402
1513,天宁区南大街博爱路53号,"119.965478,31.782832",320402
1514,钟楼区南大街中医宿舍楼,"119.957182,31.787117",320404
1515,钟楼区南大街健身路14号,"119.955071,31.785883",320404
1516,天宁区南大街劳动新村北,"119.952056,31.766434",320402
1517,钟楼区南大街嘉宏·江左风华,"119.946202,31.784020",320404
1518,天宁区南大街晋陵中路大火弄32号,"119.959550,31.785600",320402
1519,天宁区南大街关帝庙路,"119.999439,31.792320",320402
1520,钟楼区南大街高墩湾54号,"119.950210,31.773483",320404
1521,天宁区南大街博爱路151号,"119.958312,31.786535",320402
1522,钟楼区南大街聚丰公寓,"119.946671,31.774132",320404
1523,钟楼区南大街兰洋大厦,"119.955544,31.783773",320404
1524,钟楼区南大街中南大厦激光医院宿舍,"119.931956,31.768784",320404
1525,钟楼区南大街蓖箕巷,"119.947498,31.780135",320404
1526,天宁区南大街大园地,"119.959924,31.784584",320402
1527,天宁区南大街博爱路194号,"119.959804,31.784409",320402
1528,钟楼区南大街木梳路197号,"119.934398,31.774297",320404
1529,天宁区青龙龙湖香醍时光,"119.997735,31.805533",320402
1530,天宁区青龙央著瑞庭,"119.991334,31.796669",320402
1531,天宁区青龙景瑞天玺,"119.998235,31.800701",320402
1532,天宁区青龙香溢紫郡,"120.014733,31.769107",320402
1533,天宁区青龙金新御园,"120.012094,31.767086",320402
1534,天宁区青龙龙湖香醍漫步北区,"120.000661,31.804617",320402
1535,天宁区青龙阳光龙庭,"119.994302,31.803629",320402
1536,天宁区青龙景秀世家,"119.990656,31.801338",320402
1537,经开区青龙旭辉.都会上著,,
1538,天宁区青龙望府花苑,"119.994409,31.800339",320402
1539,天宁区青龙豪郡花园,"120.011037,31.772017",320402
1540,天宁区青龙万科新都会,"120.027523,31.795328",320402
1541,天宁区青龙水晶城,"120.008399,31.769597",320402
1542,天宁区青龙天宁吾悦广场,"120.011294,31.764160",320402
1543,天宁区青龙龙湖香醍漫步南区,"120.000845,31.801555",320402
1544,天宁区青龙月馨苑,"119.984691,31.768975",320402
1545,天宁区青龙琅越龙洲花苑,"120.002143,31.793937",320402
1546,天宁区青龙阳光城禹洲·宸悦,"120.017967,31.786799",320402
1547,天宁区青龙中海云樾里,"119.997532,31.769185",320402
1548,天宁区青龙海华花园,"119.994067,31.770234",320402
1549,天宁区青龙彩虹城,"119.987335,31.800407",320402
1550,天宁区青龙香溢俊园,"119.985402,31.770282",320402
1551,天宁区青龙御河湾,"120.015258,31.766440",320402
1552,天宁区青龙龙洲伊都,"120.010197,31.795464",320402
1553,经开区青龙蔚蓝天地,"120.027539,31.762101",320412
1554,经开区青龙紫韵香庭,"120.012962,31.761364",320412
1555,天宁区青龙永宁雅苑,"119.993262,31.798971",320402
1556,天宁区青龙兆丰花苑,"119.986472,31.765817",320402
1557,天宁区青龙东方尚院,"119.990427,31.771680",320402
1558,经开区青龙旭辉.都会里,,
1559,天宁区青龙政成公寓,"119.993001,31.761274",320402
1560,天宁区青龙五角场东村东区,"119.983896,31.767321",320402
1561,天宁区青龙美吉特黄金公寓,"120.022178,31.788900",320402
1562,天宁区青龙恒生科技园,"120.011865,31.807678",320402
1563,天宁区青龙东印宿舍,"119.992718,31.762677",320402
1564,天宁区青龙青龙苑7期,"120.018738,31.798790",320402
1565,经开区青龙名桂坊,"120.020592,31.763647",320412
1566,天宁区青龙青阳·壹号公寓,"119.970276,31.819648",320411
1567,天宁区青龙龙信臻园,"120.018495,31.789265",320402
1568,天宁区青龙美吉特商务大厦,"120.023001,31.791559",320402
1569,天宁区青龙青龙苑南区,"120.017136,31.791313",320402
1570,经开区青龙龙东花园,"120.016218,31.758957",320412
1571,天宁区青龙青竹苑B区,"119.996423,31.796650",320402
1572,天宁区青龙新丰苑,"119.996441,31.793706",320402
1573,天宁区青龙青龙苑北区,"120.018079,31.795229",320402
1574,天宁区青龙青竹苑C区,"119.998148,31.798752",320402
1575,天宁区青龙青竹苑东区,"120.001792,31.798856",320402
1576,经开区青龙嘉宏天际,"120.024333,31.758506",320412
